id,iaafId,firstName,lastName,countryCode,countryName,birthDate,performanceDate,competition,venueCountry,place,eventId,competitionId,timeResult
14815683,317282,Megertu,ALEMU,ETH,Ethiopia,1997-10-12,2024-04-21,"TCS London Marathon, London",GBR,4,10229534,7210829,2:16:34
14815683,317282,Megertu,ALEMU,ETH,Ethiopia,1997-10-12,2023-10-08,"Bank of America Chicago Marathon, Chicago, IL",USA,3,10229534,7191883,2:17:09
14815683,317282,Megertu,ALEMU,ETH,Ethiopia,1997-10-12,2022-10-02,"TCS London Marathon, London",GBR,3,10229534,7176624,2:18:32
14815683,317282,Megertu,ALEMU,ETH,Ethiopia,1997-10-12,2023-04-23,"TCS London Marathon, London",GBR,2,10229534,7191880,2:18:37
14815683,317282,Megertu,ALEMU,ETH,Ethiopia,1997-10-12,2022-02-20,"Zurich Maraton de Sevilla, Sevilla",ESP,1,10229534,7176628,2:18:51
14815683,317282,Megertu,ALEMU,ETH,Ethiopia,1997-10-12,2019-10-27,"Mainova Frankfurt Marathon, Frankfurt",GER,2,10229534,,2:21:10
14815683,317282,Megertu,ALEMU,ETH,Ethiopia,1997-10-12,2019-04-07,"Maratona Internazionale di Roma, Roma",ITA,1,10229534,7129465,2:22:52
14815683,317282,Megertu,ALEMU,ETH,Ethiopia,1997-10-12,2020-10-04,"Virgin Money London Marathon, London",GBR,5,10229534,7138848,2:24:23
14815683,317282,Megertu,ALEMU,ETH,Ethiopia,1997-10-12,2021-10-03,"Virgin Money London Marathon, London",GBR,13,10229534,7160158,2:27:18
14815683,317282,Megertu,ALEMU,ETH,Ethiopia,1997-10-12,2018-11-18,"Shanghai International Marathon, Shanghai",CHN,6,10229534,7124272,2:28:08
14388506,274951,Tigst,ASSEFA,ETH,Ethiopia,1996-12-03,2023-09-24,"BMW Berlin Marathon, Berlin",GER,1,10229534,7191882,2:11:53
14388506,274951,Tigst,ASSEFA,ETH,Ethiopia,1996-12-03,2022-09-25,"BMW Berlin Marathon, Berlin",GER,1,10229534,7176618,2:15:37
14388506,274951,Tigst,ASSEFA,ETH,Ethiopia,1996-12-03,2024-04-21,"TCS London Marathon, London",GBR,2,10229534,7210829,2:16:23
14388506,274951,Tigst,ASSEFA,ETH,Ethiopia,1996-12-03,2022-03-05,"Riyadh Marathon, Riyadh",KSA,7,10229534,7176630,2:34:01
14702490,300585,Li,BAI,CHN,Pr Of China,1996-03-30,2023-03-19,"Wuxi Marathon, Wuxi",CHN,1,10229534,7191895,2:26:33
14702490,300585,Li,BAI,CHN,Pr Of China,1996-03-30,2024-03-24,"Wuxi Marathon, Wuxi",CHN,8,10229534,7207353,2:28:17
14702490,300585,Li,BAI,CHN,Pr Of China,1996-03-30,2020-11-29,"Marathon & Chinese Marathon Championships, Nanjing",CHN,3,10229534,7158704,2:29:10
14702490,300585,Li,BAI,CHN,Pr Of China,1996-03-30,2021-04-11,"Chinese Marathon Championships, Xuzhou",CHN,2,10229534,7160084,2:29:12
14702490,300585,Li,BAI,CHN,Pr Of China,1996-03-30,2023-09-17,"Shenyang Marathon, Shenyang",CHN,1,10229534,7191946,2:31:50
14702490,300585,Li,BAI,CHN,Pr Of China,1996-03-30,2023-11-12,"Nanchang Marathon, Nanchang",CHN,4,10229534,7191959,2:34:16
14702490,300585,Li,BAI,CHN,Pr Of China,1996-03-30,2022-04-17,"""Exciting Hangzhou"" Marathon, Hangzhou",CHN,7,10229534,,2:35:44
14702490,300585,Li,BAI,CHN,Pr Of China,1996-03-30,2023-04-02,"C&D Xiamen Marathon, Xiamen",CHN,7,10229534,7191876,2:35:46
14702490,300585,Li,BAI,CHN,Pr Of China,1996-03-30,2023-10-29,"2023 Beike Beijing Marathon, Beijing",CHN,17,10229534,7191912,2:38:33
14702490,300585,Li,BAI,CHN,Pr Of China,1996-03-30,2020-01-05,"Xiamen Marathon, Xiamen",CHN,13,10229534,7138755,2:39:28
14632541,296471,Munkhzaya,BAYARTSOGT,MGL,Mongolia,1993-10-10,2024-03-17,"Seoul Marathon, Seoul",KOR,7,10229534,7207591,2:24:45
14632541,296471,Munkhzaya,BAYARTSOGT,MGL,Mongolia,1993-10-10,2020-01-26,"Osaka Women's Marathon, Osaka",JPN,12,10229534,7138765,2:28:03
14632541,296471,Munkhzaya,BAYARTSOGT,MGL,Mongolia,1993-10-10,2019-07-07,"Gold Coast Marathon, Gold Coast",AUS,4,10229534,7133318,2:29:18
14632541,296471,Munkhzaya,BAYARTSOGT,MGL,Mongolia,1993-10-10,2022-04-10,"NN Marathon Rotterdam, Rotterdam",NED,4,10229534,7176639,2:29:25
14632541,296471,Munkhzaya,BAYARTSOGT,MGL,Mongolia,1993-10-10,2023-04-02,"Daegu International Marathon, Daegu",KOR,6,10229534,7191897,2:29:32
14632541,296471,Munkhzaya,BAYARTSOGT,MGL,Mongolia,1993-10-10,2018-03-18,"Seoul Marathon, Seoul",KOR,9,10229534,7116857,2:31:12
14632541,296471,Munkhzaya,BAYARTSOGT,MGL,Mongolia,1993-10-10,2018-11-18,"Kobe Marathon, Kobe",JPN,2,10229534,7124280,2:31:48
14632541,296471,Munkhzaya,BAYARTSOGT,MGL,Mongolia,1993-10-10,2019-12-01,"International Marathon, Macao",MAC,4,10229534,7138030,2:32:29
14632541,296471,Munkhzaya,BAYARTSOGT,MGL,Mongolia,1993-10-10,2017-04-09,"Gunsan Marathon, Gunsan",KOR,1,10229534,,2:32:59
14632541,296471,Munkhzaya,BAYARTSOGT,MGL,Mongolia,1993-10-10,2024-04-07,"Daegu Marathon, Daegu",KOR,9,10229534,7207805,2:33:31
14695376,298495,Helen,BEKELE,SUI,Switzerland,1994-11-21,2023-09-24,"BMW Berlin Marathon, Berlin",GER,8,10229534,7191882,2:19:44
14695376,298495,Helen,BEKELE,SUI,Switzerland,1994-11-21,2019-03-03,"Tokyo Marathon, Tokyo",JPN,2,10229534,7128538,2:21:01
14695376,298495,Helen,BEKELE,SUI,Switzerland,1994-11-21,2019-09-29,"BMW BERLIN-MARATHON, Berlin",GER,4,10229534,7135298,2:21:36
14695376,298495,Helen,BEKELE,SUI,Switzerland,1994-11-21,2023-02-26,"Osaka Marathon, Osaka",JPN,1,10229534,7191892,2:22:16
14695376,298495,Helen,BEKELE,SUI,Switzerland,1994-11-21,2018-09-16,"Berlin Marathon, Berlin",GER,6,10229534,7122261,2:22:48
14695376,298495,Helen,BEKELE,SUI,Switzerland,1994-11-21,2017-09-24,"Berlin Marathon, Berlin",GER,4,10229534,,2:22:51
14695376,298495,Helen,BEKELE,SUI,Switzerland,1994-11-21,2021-09-26,"BMW Berlin Marathon, Berlin",GER,3,10229534,7160152,2:23:05
14695376,298495,Helen,BEKELE,SUI,Switzerland,1994-11-21,2020-03-08,"Nagoya Women's Marathon, Nagoya",JPN,6,10229534,7138805,2:23:52
14695376,298495,Helen,BEKELE,SUI,Switzerland,1994-11-21,2023-04-23,"Zürich Marathon, Zürich",SUI,1,10229534,7192380,2:24:14
14695376,298495,Helen,BEKELE,SUI,Switzerland,1994-11-21,2022-03-06,"Tokyo Marathon, Tokyo",JPN,9,10229534,7176614,2:24:33
14665027,314493,Bojana,BJELJAC,CRO,Croatia,1989-04-10,2022-12-04,"Maraton Valencia Trinidad Alfonso EDP, Valencia",ESP,14,10229534,7176623,2:23:39
14665027,314493,Bojana,BJELJAC,CRO,Croatia,1989-04-10,2021-12-05,"Maraton Valencia Trinidad Alfonso EDP, Valencia",ESP,12,10229534,7160232,2:26:08
14665027,314493,Bojana,BJELJAC,CRO,Croatia,1989-04-10,2019-12-01,"Maratón Valencia Trinidad Alfonso EDP, Valencia",ESP,12,10229534,7135312,2:27:42
14665027,314493,Bojana,BJELJAC,CRO,Croatia,1989-04-10,2023-12-03,"Maraton Valencia Trinidad Alfonso, Valencia",ESP,44,10229534,7191886,2:28:53
14665027,314493,Bojana,BJELJAC,CRO,Croatia,1989-04-10,2019-04-07,"HAJ Hannover Marathon, Hannover",GER,6,10229534,7129466,2:31:26
14665027,314493,Bojana,BJELJAC,CRO,Croatia,1989-04-10,2018-10-28,"Frankfurt Marathon, Frankfurt",GER,18,10229534,7123805,2:32:48
14665027,314493,Bojana,BJELJAC,CRO,Croatia,1989-04-10,2023-08-26,"World Athletics Championships, Budapest 2023, Hősök tere, Budapest",HUN,33,10229534,7138987,2:35:49
14665027,314493,Bojana,BJELJAC,CRO,Croatia,1989-04-10,2018-08-12,"European Athletics Championships, Olympiastadion, Berlin",GER,20,10229534,7105084,2:37:31
14665027,314493,Bojana,BJELJAC,CRO,Croatia,1989-04-10,2018-04-08,"Rotterdam Marathon, Rotterdam",NED,6,10229534,7117496,2:37:33
14665027,314493,Bojana,BJELJAC,CRO,Croatia,1989-04-10,2017-10-08,"Zagreb Marathon, Zagreb",CRO,3,10229534,,2:38:38
14370115,249178,Florencia,BORELLI,ARG,Argentina,1992-10-30,2024-02-18,"Zurich Maratón de Sevilla, Sevilla",ESP,7,10229534,7207579,2:24:18
14370115,249178,Florencia,BORELLI,ARG,Argentina,1992-10-30,2022-02-20,"Zurich Maraton de Sevilla, Sevilla",ESP,12,10229534,7176628,2:26:54
14370115,249178,Florencia,BORELLI,ARG,Argentina,1992-10-30,2023-10-22,"Pan American Games, Santiago de Chile",CHI,2,10229534,7144863,2:27:29
14370115,249178,Florencia,BORELLI,ARG,Argentina,1992-10-30,2021-10-10,"Maratón de Buenos Aires Ñandú, Buenos Aires",ARG,1,10229534,7160151,2:32:27
14262327,243765,Rosa Alva,CHACHA,ECU,Ecuador,1982-12-08,2023-04-23,"37. Haspa Marathon Hamburg, Hamburg",GER,10,10229534,7197592,2:26:34
14262327,243765,Rosa Alva,CHACHA,ECU,Ecuador,1982-12-08,2024-02-18,"Zurich Maratón de Sevilla, Sevilla",ESP,24,10229534,7207579,2:28:01
14262327,243765,Rosa Alva,CHACHA,ECU,Ecuador,1982-12-08,2021-04-11,"Xiamen Marathon & Tuscany Camp Global Elite Race, Siena",ITA,10,10229534,7163971,2:28:17
14262327,243765,Rosa Alva,CHACHA,ECU,Ecuador,1982-12-08,2022-04-24,"Haspa Marathon, Hamburg",GER,7,10229534,,2:28:52
14262327,243765,Rosa Alva,CHACHA,ECU,Ecuador,1982-12-08,2023-10-22,"Pan American Games, Santiago de Chile",CHI,5,10229534,7144863,2:31:01
14262327,243765,Rosa Alva,CHACHA,ECU,Ecuador,1982-12-08,2019-07-27,"Pan American Games, Lima",PER,4,10229534,7134069,2:32:45
14262327,243765,Rosa Alva,CHACHA,ECU,Ecuador,1982-12-08,2020-12-06,"Maratón Valencia Trinidad Alfonso EDP, Valencia",ESP,26,10229534,7144910,2:33:32
14262327,243765,Rosa Alva,CHACHA,ECU,Ecuador,1982-12-08,2015-02-22,"Sevilla Marathon, Sevilla",ESP,4,10229534,,2:35:29
14262327,243765,Rosa Alva,CHACHA,ECU,Ecuador,1982-12-08,2018-09-23,"Buenos Aires Marathon, Buenos Aires",ARG,5,10229534,7122548,2:35:29
14262327,243765,Rosa Alva,CHACHA,ECU,Ecuador,1982-12-08,2021-08-07,"The XXXII Olympic Games, Odori Park, Sapporo",JPN,41,10229534,7132391,2:36:44
14693567,297589,Mercyline,CHELANGAT,UGA,Uganda,1997-12-17,2023-04-16,"Enschede Marathon, Enschede",NED,2,10229534,7192006,2:24:12
14693567,297589,Mercyline,CHELANGAT,UGA,Uganda,1997-12-17,2023-08-26,"World Athletics Championships, Budapest 2023, Hősök tere, Budapest",HUN,18,10229534,7138987,2:31:40
14436833,259606,Rose,CHELIMO,BRN,Bahrain,1989-07-12,2022-10-16,"TCS Amsterdam Marathon, Amsterdam",NED,4,10229534,7176620,2:23:12
14436833,259606,Rose,CHELIMO,BRN,Bahrain,1989-07-12,2016-03-20,"Seoul Marathon, Seoul",KOR,1,10229534,,2:24:14
14436833,259606,Rose,CHELIMO,BRN,Bahrain,1989-07-12,2018-04-22,"London Marathon, London",GBR,6,10229534,7117866,2:26:03
14436833,259606,Rose,CHELIMO,BRN,Bahrain,1989-07-12,2023-04-16,"NN Marathon Rotterdam, Rotterdam",NED,3,10229534,7192007,2:26:21
14436833,259606,Rose,CHELIMO,BRN,Bahrain,1989-07-12,2017-08-06,"IAAF World Championships in Athletics, Olympic Stadium, London",GBR,1,10229534,7093740,2:27:11
14436833,259606,Rose,CHELIMO,BRN,Bahrain,1989-07-12,2016-08-14,"The XXXI Olympic Games, Estádio Olímpico, Rio de Janeiro",BRA,8,10229534,7093747,2:27:36
14436833,259606,Rose,CHELIMO,BRN,Bahrain,1989-07-12,2024-02-16,"Doha Marathon by Ooredoo, Doha",QAT,5,10229534,7207674,2:28:55
14436833,259606,Rose,CHELIMO,BRN,Bahrain,1989-07-12,2019-03-03,"Tokyo Marathon, Tokyo",JPN,9,10229534,7128538,2:30:35
14436833,259606,Rose,CHELIMO,BRN,Bahrain,1989-07-12,2019-09-27,"IAAF World Championships in Athletics, Corniche, Doha",QAT,2,10229534,7125365,2:33:46
14436833,259606,Rose,CHELIMO,BRN,Bahrain,1989-07-12,2018-08-26,"Jakarta Asian Games, Jakarta",INA,1,10229534,7121814,2:34:51
14413309,254535,Rebecca,CHEPTEGEI,UGA,Uganda,1991-02-22,2022-12-17,"ADNOC Abu Dhabi Marathon, Abu Dhabi",UAE,4,10229534,7176670,2:22:47
14413309,254535,Rebecca,CHEPTEGEI,UGA,Uganda,1991-02-22,2023-11-26,"39^ Firenze Marathon, Firenze",ITA,2,10229534,7202301,2:27:08
14413309,254535,Rebecca,CHEPTEGEI,UGA,Uganda,1991-02-22,2023-08-26,"World Athletics Championships, Budapest 2023, Hősök tere, Budapest",HUN,14,10229534,7138987,2:29:34
14413309,254535,Rebecca,CHEPTEGEI,UGA,Uganda,1991-02-22,2022-04-24,"Padova Marathon, Padova",ITA,1,10229534,,2:31:21
14413309,254535,Rebecca,CHEPTEGEI,UGA,Uganda,1991-02-22,2024-02-16,"Doha Marathon by Ooredoo, Doha",QAT,7,10229534,7207674,2:34:08
14464203,262636,Stella,CHESANG,UGA,Uganda,1996-12-01,2023-04-23,"37. Haspa Marathon Hamburg, Hamburg",GER,3,10229534,7197592,2:20:23
14464203,262636,Stella,CHESANG,UGA,Uganda,1996-12-01,2024-01-28,"Osaka Women's Marathon, Osaka",JPN,4,10229534,7208104,2:23:36
14423913,256205,Eunice Chebichii,CHUMBA,BRN,Bahrain,1993-05-23,2022-04-17,"Seoul Marathon, Seoul",KOR,3,10229534,7176616,2:20:02
14423913,256205,Eunice Chebichii,CHUMBA,BRN,Bahrain,1993-05-23,2023-04-16,"NN Marathon Rotterdam, Rotterdam",NED,1,10229534,7192007,2:20:31
14423913,256205,Eunice Chebichii,CHUMBA,BRN,Bahrain,1993-05-23,2022-12-17,"ADNOC Abu Dhabi Marathon, Abu Dhabi",UAE,1,10229534,7176670,2:20:41
14423913,256205,Eunice Chebichii,CHUMBA,BRN,Bahrain,1993-05-23,2024-03-10,"Nagoya Women's Marathon, Nagoya",JPN,2,10229534,7207352,2:21:25
14423913,256205,Eunice Chebichii,CHUMBA,BRN,Bahrain,1993-05-23,2023-11-26,"Shanghai Marathon, Shanghai",CHN,3,10229534,7191885,2:22:20
14423913,256205,Eunice Chebichii,CHUMBA,BRN,Bahrain,1993-05-23,2021-05-16,"Generali Milano Marathon, Milano",ITA,2,10229534,7160090,2:23:10
14423913,256205,Eunice Chebichii,CHUMBA,BRN,Bahrain,1993-05-23,2017-04-09,"Rotterdam Marathon, Rotterdam",NED,2,10229534,,2:24:27
14423913,256205,Eunice Chebichii,CHUMBA,BRN,Bahrain,1993-05-23,2016-10-16,"Amsterdam Marathon, Amsterdam",NED,3,10229534,,2:25:00
14423913,256205,Eunice Chebichii,CHUMBA,BRN,Bahrain,1993-05-23,2021-11-26,"ADNOC Abu Dhabi Marathon, Abu Dhabi",UAE,2,10229534,7160218,2:26:01
14423913,256205,Eunice Chebichii,CHUMBA,BRN,Bahrain,1993-05-23,2023-10-05,"19th Asian Games, Qiantang River Green Belt, Hangzhou",CHN,1,10229534,7147637,2:26:14
14756134,417282,Citlali,CRISTIAN MOSCOTE,MEX,Mexico,1995-04-15,2023-02-19,"Zurich Maraton de Sevilla, Sevilla",ESP,4,10229534,7191928,2:24:53
14756134,417282,Citlali,CRISTIAN MOSCOTE,MEX,Mexico,1995-04-15,2022-02-20,"Zurich Maraton de Sevilla, Sevilla",ESP,10,10229534,7176628,2:26:13
14756134,417282,Citlali,CRISTIAN MOSCOTE,MEX,Mexico,1995-04-15,2022-07-18,"World Athletics Championships, Oregon 2022, Autzen Complex, Eugene, OR",USA,10,10229534,7137279,2:26:33
14756134,417282,Citlali,CRISTIAN MOSCOTE,MEX,Mexico,1995-04-15,2023-10-22,"Pan American Games, Santiago de Chile",CHI,1,10229534,7144863,2:27:12
14756134,417282,Citlali,CRISTIAN MOSCOTE,MEX,Mexico,1995-04-15,2023-08-26,"World Athletics Championships, Budapest 2023, Hősök tere, Budapest",HUN,34,10229534,7138987,2:36:03
14490253,295161,Sinead,DIVER,AUS,Australia,1977-02-17,2022-12-04,"Maraton Valencia Trinidad Alfonso EDP, Valencia",ESP,12,10229534,7176623,2:21:34
14490253,295161,Sinead,DIVER,AUS,Australia,1977-02-17,2019-04-28,"Virgin Money London Marathon, London",GBR,7,10229534,7130122,2:24:11
14490253,295161,Sinead,DIVER,AUS,Australia,1977-02-17,2018-10-14,"Melbourne Marathon, Melbourne",AUS,1,10229534,7123314,2:25:19
14490253,295161,Sinead,DIVER,AUS,Australia,1977-02-17,2019-11-03,"TCS New York City Marathon, New York, NY",USA,5,10229534,7135308,2:26:23
14490253,295161,Sinead,DIVER,AUS,Australia,1977-02-17,2020-10-04,"Virgin Money London Marathon, London",GBR,8,10229534,7138848,2:27:07
14490253,295161,Sinead,DIVER,AUS,Australia,1977-02-17,2021-10-03,"Virgin Money London Marathon, London",GBR,12,10229534,7160158,2:27:16
14490253,295161,Sinead,DIVER,AUS,Australia,1977-02-17,2022-07-30,"XXII Commonwealth Games, Victoria Square, Birmingham",GBR,5,10229534,7147633,2:31:06
14490253,295161,Sinead,DIVER,AUS,Australia,1977-02-17,2021-08-07,"The XXXII Olympic Games, Odori Park, Sapporo",JPN,10,10229534,7132391,2:31:14
14490253,295161,Sinead,DIVER,AUS,Australia,1977-02-17,2023-09-17,"Sydney Marathon, presented by Asics, Sydney",AUS,8,10229534,7191881,2:31:27
14490253,295161,Sinead,DIVER,AUS,Australia,1977-02-17,2017-03-12,"Nagoya Women's Marathon, Nagoya",JPN,10,10229534,,2:31:37
14268042,132770,Malindi,ELMORE,CAN,Canada,1980-03-13,2023-09-24,"BMW Berlin Marathon, Berlin",GER,13,10229534,7191882,2:23:30
14268042,132770,Malindi,ELMORE,CAN,Canada,1980-03-13,2020-01-19,"Chevron Houston Marathon, Houston, TX",USA,3,10229534,7138760,2:24:50
14268042,132770,Malindi,ELMORE,CAN,Canada,1980-03-13,2022-10-16,"TCS Toronto Waterfront Marathon, Toronto",CAN,4,10229534,7176651,2:25:14
14268042,132770,Malindi,ELMORE,CAN,Canada,1980-03-13,2023-05-28,"Tartan Homes Ottawa International Marathon, Ottawa",CAN,2,10229534,7191900,2:27:45
14268042,132770,Malindi,ELMORE,CAN,Canada,1980-03-13,2021-08-07,"The XXXII Olympic Games, Odori Park, Sapporo",JPN,9,10229534,7132391,2:30:59
14268042,132770,Malindi,ELMORE,CAN,Canada,1980-03-13,2019-01-20,"Chevron Houston Marathon, Houston, TX",USA,7,10229534,7126881,2:32:15
14284281,306178,Giovanna,EPIS,ITA,Italy,1988-10-11,2023-04-23,"37. Haspa Marathon Hamburg, Hamburg",GER,6,10229534,7197592,2:23:46
14284281,306178,Giovanna,EPIS,ITA,Italy,1988-10-11,2022-12-04,"Maraton Valencia Trinidad Alfonso EDP, Valencia",ESP,15,10229534,7176623,2:23:54
14284281,306178,Giovanna,EPIS,ITA,Italy,1988-10-11,2021-12-05,"Maraton Valencia Trinidad Alfonso EDP, Valencia",ESP,10,10229534,7160232,2:25:20
14284281,306178,Giovanna,EPIS,ITA,Italy,1988-10-11,2020-12-13,"Italian Marathon Championships, Reggio Emilia",ITA,1,10229534,7159101,2:28:03
14284281,306178,Giovanna,EPIS,ITA,Italy,1988-10-11,2024-03-10,"Nagoya Women's Marathon, Nagoya",JPN,10,10229534,7207352,2:28:24
14284281,306178,Giovanna,EPIS,ITA,Italy,1988-10-11,2022-08-15,"European Athletics Championships, Odeonplatz, München",GER,5,10229534,7147634,2:29:06
14284281,306178,Giovanna,EPIS,ITA,Italy,1988-10-11,2023-11-19,"Italian Marathon Championships, Verona",ITA,1,10229534,7199647,2:29:09
14284281,306178,Giovanna,EPIS,ITA,Italy,1988-10-11,2023-08-26,"World Athletics Championships, Budapest 2023, Hősök tere, Budapest",HUN,12,10229534,7138987,2:29:10
14284281,306178,Giovanna,EPIS,ITA,Italy,1988-10-11,2019-04-07,"NN Marathon Rotterdam, Rotterdam",NED,6,10229534,7129471,2:29:11
14284281,306178,Giovanna,EPIS,ITA,Italy,1988-10-11,2018-02-25,"Sevilla Marathon, Sevilla",ESP,6,10229534,7116338,2:29:41
14383158,246399,Shitaye,ESHETE,BRN,Bahrain,1990-05-21,2019-10-27,"Volkswagen Ljubljana Marathon, Ljubljana",SLO,2,10229534,,2:21:33
14383158,246399,Shitaye,ESHETE,BRN,Bahrain,1990-05-21,2024-01-07,"Dubai Marathon, Dubai",UAE,6,10229534,7207359,2:21:55
14383158,246399,Shitaye,ESHETE,BRN,Bahrain,1990-05-21,2019-05-05,"Volkswagen Prague Marathon, Praha",CZE,2,10229534,7130475,2:22:39
14383158,246399,Shitaye,ESHETE,BRN,Bahrain,1990-05-21,2018-04-29,"Hamburg Marathon, Hamburg",GER,1,10229534,7118517,2:24:51
14383158,246399,Shitaye,ESHETE,BRN,Bahrain,1990-05-21,2016-01-22,"Dubai Standard Chartered Marathon, Dubai",UAE,6,10229534,,2:25:36
14383158,246399,Shitaye,ESHETE,BRN,Bahrain,1990-05-21,2018-12-09,"Saitama Marathon, Saitama",JPN,2,10229534,7125284,2:25:39
14383158,246399,Shitaye,ESHETE,BRN,Bahrain,1990-05-21,2020-03-01,"Tokyo Marathon, Tokyo",JPN,8,10229534,7138801,2:27:34
14383158,246399,Shitaye,ESHETE,BRN,Bahrain,1990-05-21,2017-01-29,"Osaka International Ladies Marathon, Osaka",JPN,5,10229534,,2:28:36
14383158,246399,Shitaye,ESHETE,BRN,Bahrain,1990-05-21,2017-11-12,"Saitama Marathon, Saitama",JPN,2,10229534,,2:28:42
14383158,246399,Shitaye,ESHETE,BRN,Bahrain,1990-05-21,2022-05-08,"World Military Marathon Championships, Lima",PER,2,10229534,7183010,2:34:30
14455103,390171,Clara,EVANS,GBR,Great Britain & N.I.,1993-11-27,2023-12-03,"Maraton Valencia Trinidad Alfonso, Valencia",ESP,20,10229534,7191886,2:25:04
14455103,390171,Clara,EVANS,GBR,Great Britain & N.I.,1993-11-27,2023-02-19,"Zurich Maraton de Sevilla, Sevilla",ESP,16,10229534,7191928,2:29:27
14455103,390171,Clara,EVANS,GBR,Great Britain & N.I.,1993-11-27,2021-10-24,"NN Marathon Rotterdam, Rotterdam",NED,4,10229534,7160185,2:31:21
14455103,390171,Clara,EVANS,GBR,Great Britain & N.I.,1993-11-27,2021-03-26,"British Marathon Championships, London",GBR,5,10229534,7163370,2:32:42
14455103,390171,Clara,EVANS,GBR,Great Britain & N.I.,1993-11-27,2022-07-30,"XXII Commonwealth Games, Victoria Square, Birmingham",GBR,9,10229534,7147633,2:38:03
14455103,390171,Clara,EVANS,GBR,Great Britain & N.I.,1993-11-27,2017-04-23,"London Marathon, London",GBR,36,10229534,,2:46:16
14455103,390171,Clara,EVANS,GBR,Great Britain & N.I.,1993-11-27,2016-10-16,"Amsterdam Marathon, Amsterdam",NED,14,10229534,,2:56:19
14455103,390171,Clara,EVANS,GBR,Great Britain & N.I.,1993-11-27,2017-09-24,"Berlin Marathon, Berlin",GER,106,10229534,,3:04:21
14590420,297580,Kaoutar,FARKOUSSI,MAR,Morocco,1996-03-19,2024-04-21,"Marathon International De Rabat, Rabat",MAR,2,10229534,7211050,2:25:35
14590420,297580,Kaoutar,FARKOUSSI,MAR,Morocco,1996-03-19,2024-01-28,"Marrakesh International Marathon, Marrakech",MAR,1,10229534,7208097,2:27:58
14292910,235226,Camille,FRENCH,NZL,New Zealand,1990-07-11,2023-12-03,"Maraton Valencia Trinidad Alfonso, Valencia",ESP,31,10229534,7191886,2:26:08
14292910,235226,Camille,FRENCH,NZL,New Zealand,1990-07-11,2024-03-10,"Nagoya Women's Marathon, Nagoya",JPN,9,10229534,7207352,2:28:23
14608367,317285,Khishigsaikhan,GALBADRAKH,MGL,Mongolia,1990-08-28,2024-03-03,"Tokyo Marathon, Tokyo",JPN,8,10229534,7207351,2:26:32
14608367,317285,Khishigsaikhan,GALBADRAKH,MGL,Mongolia,1990-08-28,2023-12-17,"Taipei Marathon, Taipei City",TPE,2,10229534,7191967,2:28:33
14608367,317285,Khishigsaikhan,GALBADRAKH,MGL,Mongolia,1990-08-28,2024-05-05,"Copenhagen Marathon, Copenhagen",DEN,4,10229534,7207365,2:28:48
14608367,317285,Khishigsaikhan,GALBADRAKH,MGL,Mongolia,1990-08-28,2022-05-08,"Zurich Marató de Barcelona, Barcelona",ESP,6,10229534,7178131,2:32:09
14608367,317285,Khishigsaikhan,GALBADRAKH,MGL,Mongolia,1990-08-28,2022-12-18,"Taipei Marathon, Taipei City",TPE,3,10229534,7176676,2:32:23
14608367,317285,Khishigsaikhan,GALBADRAKH,MGL,Mongolia,1990-08-28,2024-01-21,"Standard Chartered Hong Kong Marathon, Hong Kong",HKG,7,10229534,7206207,2:33:50
14608367,317285,Khishigsaikhan,GALBADRAKH,MGL,Mongolia,1990-08-28,2019-12-22,"Asian Marathon Championships, Dongguan",CHN,6,10229534,7139003,2:34:43
14608367,317285,Khishigsaikhan,GALBADRAKH,MGL,Mongolia,1990-08-28,2019-03-31,"Chongqing International Marathon, Chongqing",CHN,6,10229534,7129286,2:35:27
14608367,317285,Khishigsaikhan,GALBADRAKH,MGL,Mongolia,1990-08-28,2023-10-05,"19th Asian Games, Qiantang River Green Belt, Hangzhou",CHN,7,10229534,7147637,2:35:34
14608367,317285,Khishigsaikhan,GALBADRAKH,MGL,Mongolia,1990-08-28,2023-08-26,"World Athletics Championships, Budapest 2023, Hősök tere, Budapest",HUN,31,10229534,7138987,2:35:38
14442050,379164,Fatima Ezzahra,GARDADI,MAR,Morocco,1992-03-20,2024-01-07,"C&D XiaMen Marathon, Xiamen",CHN,2,10229534,7207328,2:24:12
14442050,379164,Fatima Ezzahra,GARDADI,MAR,Morocco,1992-03-20,2023-04-30,"Marathon International de Rabat, Rabat",MAR,1,10229534,7192013,2:25:03
14442050,379164,Fatima Ezzahra,GARDADI,MAR,Morocco,1992-03-20,2022-05-15,"Marathon International de Marrakech, Marrakech",MAR,1,10229534,,2:25:07
14442050,379164,Fatima Ezzahra,GARDADI,MAR,Morocco,1992-03-20,2023-08-26,"World Athletics Championships, Budapest 2023, Hősök tere, Budapest",HUN,3,10229534,7138987,2:25:17
14477333,297697,Tigist,GASHAW,BRN,Bahrain,1996-12-25,2024-04-07,"Daegu Marathon, Daegu",KOR,5,10229534,7207805,2:24:39
14477379,265233,Gotytom,GEBRESLASE,ETH,Ethiopia,1995-01-15,2022-07-18,"World Athletics Championships, Oregon 2022, Autzen Complex, Eugene, OR",USA,1,10229534,7137279,2:18:11
14477379,265233,Gotytom,GEBRESLASE,ETH,Ethiopia,1995-01-15,2022-03-06,"Tokyo Marathon, Tokyo",JPN,3,10229534,7176614,2:18:18
14477379,265233,Gotytom,GEBRESLASE,ETH,Ethiopia,1995-01-15,2021-09-26,"BMW Berlin Marathon, Berlin",GER,1,10229534,7160152,2:20:09
14477379,265233,Gotytom,GEBRESLASE,ETH,Ethiopia,1995-01-15,2024-04-28,"38. Haspa Marathon Hamburg, Hamburg",GER,3,10229534,7206878,2:21:19
14477379,265233,Gotytom,GEBRESLASE,ETH,Ethiopia,1995-01-15,2022-11-06,"TCS New York City Marathon, New York, NY",USA,3,10229534,7176621,2:23:39
14477379,265233,Gotytom,GEBRESLASE,ETH,Ethiopia,1995-01-15,2023-08-26,"World Athletics Championships, Budapest 2023, Hősök tere, Budapest",HUN,2,10229534,7138987,2:24:34
14501787,390056,Mary Zenaida,GRANJA,ECU,Ecuador,1995-04-23,2024-02-18,"Zurich Maratón de Sevilla, Sevilla",ESP,17,10229534,7207579,2:26:34
14501787,390056,Mary Zenaida,GRANJA,ECU,Ecuador,1995-04-23,2023-12-03,"Maraton Valencia Trinidad Alfonso, Valencia",ESP,45,10229534,7191886,2:29:30
14501787,390056,Mary Zenaida,GRANJA,ECU,Ecuador,1995-04-23,2023-04-23,"37. Haspa Marathon Hamburg, Hamburg",GER,18,10229534,7197592,2:37:23
14271807,263528,Genevieve,GREGSON,AUS,Australia,1989-08-04,2023-12-03,"Maraton Valencia Trinidad Alfonso, Valencia",ESP,8,10229534,7191886,2:23:08
14271807,263528,Genevieve,GREGSON,AUS,Australia,1989-08-04,2023-07-02,"Gold Coast Marathon, Gold Coast",AUS,3,10229534,7194162,2:28:33
14750322,510048,Rose,HARVEY,GBR,Great Britain & N.I.,1992-08-25,2023-10-08,"Bank of America Chicago Marathon, Chicago, IL",USA,9,10229534,7191883,2:23:21
14750322,510048,Rose,HARVEY,GBR,Great Britain & N.I.,1992-08-25,2022-02-20,"Zurich Maraton de Sevilla, Sevilla",ESP,13,10229534,7176628,2:27:20
14750322,510048,Rose,HARVEY,GBR,Great Britain & N.I.,1992-08-25,2022-10-02,"TCS London Marathon, London",GBR,10,10229534,7176624,2:27:59
14750322,510048,Rose,HARVEY,GBR,Great Britain & N.I.,1992-08-25,2021-10-03,"Virgin Money London Marathon, London",GBR,15,10229534,7160158,2:29:45
14750322,510048,Rose,HARVEY,GBR,Great Britain & N.I.,1992-08-25,2021-04-25,"Cheshire Elite Marathon, Pulford",GBR,4,10229534,,2:31:14
14750322,510048,Rose,HARVEY,GBR,Great Britain & N.I.,1992-08-25,2016-04-24,"London Marathon, London",GBR,63,10229534,,2:55:41
14489606,273291,Sifan,HASSAN,NED,Netherlands,1993-01-01,2023-10-08,"Bank of America Chicago Marathon, Chicago, IL",USA,1,10229534,7191883,2:13:44
14489606,273291,Sifan,HASSAN,NED,Netherlands,1993-01-01,2024-03-03,"Tokyo Marathon, Tokyo",JPN,4,10229534,7207351,2:18:05
14489606,273291,Sifan,HASSAN,NED,Netherlands,1993-01-01,2023-04-23,"TCS London Marathon, London",GBR,1,10229534,7191880,2:18:33
14276523,275637,Calli,HAUGER-THACKERY,GBR,Great Britain & N.I.,1993-01-09,2023-10-14,"McKirdy Micro - On the Cusp - Marathon, Valley Cottage, NY",USA,1,10229534,7201785,2:22:17
14763815,425243,Chloé,HERBIET,BEL,Belgium,1998-12-03,2024-02-18,"Zurich Maratón de Sevilla, Sevilla",ESP,12,10229534,7207579,2:24:56
14763815,425243,Chloé,HERBIET,BEL,Belgium,1998-12-03,2023-10-08,"ASML Marathon Eindhoven, Eindhoven",NED,1,10229534,7197841,2:27:54
14385600,295674,Margarita,HERNANDEZ FLORES,MEX,Mexico,1985-12-03,2023-12-03,"Maraton Valencia Trinidad Alfonso, Valencia",ESP,30,10229534,7191886,2:25:54
14385600,295674,Margarita,HERNANDEZ FLORES,MEX,Mexico,1985-12-03,2016-01-17,"Houston Marathon, Houston, TX",USA,4,10229534,,2:29:57
14385600,295674,Margarita,HERNANDEZ FLORES,MEX,Mexico,1985-12-03,2019-07-27,"Pan American Games, Lima",PER,7,10229534,7134069,2:35:06
14385600,295674,Margarita,HERNANDEZ FLORES,MEX,Mexico,1985-12-03,2016-08-14,"The XXXI Olympic Games, Estádio Olímpico, Rio de Janeiro",BRA,48,10229534,7093747,2:38:15
14385600,295674,Margarita,HERNANDEZ FLORES,MEX,Mexico,1985-12-03,2014-11-30,"Veracruz CAC Games, Veracruz",MEX,1,10229534,,2:41:16
14385600,295674,Margarita,HERNANDEZ FLORES,MEX,Mexico,1985-12-03,2015-07-18,"Pan American Games, CIBC, Toronto",CAN,5,10229534,,2:41:57
14672593,305993,Ai,HOSODA,JPN,Japan,1995-11-27,2022-10-02,"TCS London Marathon, London",GBR,9,10229534,7176624,2:21:42
14672593,305993,Ai,HOSODA,JPN,Japan,1995-11-27,2023-03-05,"Tokyo Marathon, Tokyo",JPN,7,10229534,7191878,2:22:08
14672593,305993,Ai,HOSODA,JPN,Japan,1995-11-27,2022-03-13,"Nagoya Women's Marathon, Nagoya",JPN,4,10229534,7176615,2:24:26
14672593,305993,Ai,HOSODA,JPN,Japan,1995-11-27,2023-10-15,"Marathon Grand Championship - Paris 24 Selection Race, Tokyo",JPN,3,10229534,7202464,2:24:50
14672593,305993,Ai,HOSODA,JPN,Japan,1995-11-27,2020-03-08,"Nagoya Women's Marathon, Nagoya",JPN,8,10229534,7138805,2:26:34
14672593,305993,Ai,HOSODA,JPN,Japan,1995-11-27,2019-03-10,"Nagoya Women's Marathon, Nagoya",JPN,18,10229534,7128702,2:29:27
14416505,306395,Laura,HOTTENROTT,GER,Germany,1992-05-14,2023-12-03,"Maraton Valencia Trinidad Alfonso, Valencia",ESP,15,10229534,7191886,2:24:32
14416505,306395,Laura,HOTTENROTT,GER,Germany,1992-05-14,2021-04-18,"Enschede Marathon, Enschede",NED,4,10229534,,2:28:02
14416505,306395,Laura,HOTTENROTT,GER,Germany,1992-05-14,2023-09-24,"BMW Berlin Marathon, Berlin",GER,24,10229534,7191882,2:29:38
14416505,306395,Laura,HOTTENROTT,GER,Germany,1992-05-14,2018-02-25,"Sevilla Marathon, Sevilla",ESP,8,10229534,7116338,2:33:01
14416505,306395,Laura,HOTTENROTT,GER,Germany,1992-05-14,2017-10-29,"Frankfurt Marathon, Frankfurt",GER,12,10229534,,2:34:43
14416505,306395,Laura,HOTTENROTT,GER,Germany,1992-05-14,2021-12-05,"Maraton Valencia Trinidad Alfonso EDP, Valencia",ESP,28,10229534,7160232,2:38:34
14463763,341726,Tereza,HROCHOVÁ,CZE,Czechia,1996-02-24,2024-02-18,"Zurich Maratón de Sevilla, Sevilla",ESP,18,10229534,7207579,2:26:38
14463763,341726,Tereza,HROCHOVÁ,CZE,Czechia,1996-02-24,2021-05-23,"S7 Marathon, Fürstenfeld",AUT,2,10229534,,2:29:06
14463763,341726,Tereza,HROCHOVÁ,CZE,Czechia,1996-02-24,2022-07-18,"World Athletics Championships, Oregon 2022, Autzen Complex, Eugene, OR",USA,17,10229534,7137279,2:30:39
14463763,341726,Tereza,HROCHOVÁ,CZE,Czechia,1996-02-24,2023-04-23,"37. Haspa Marathon Hamburg, Hamburg",GER,14,10229534,7197592,2:31:04
14463763,341726,Tereza,HROCHOVÁ,CZE,Czechia,1996-02-24,2023-10-29,"Mainova Frankfurt Marathon, Frankfurt",GER,14,10229534,7191953,2:31:51
14463763,341726,Tereza,HROCHOVÁ,CZE,Czechia,1996-02-24,2022-08-15,"European Athletics Championships, Odeonplatz, München",GER,23,10229534,7147634,2:36:00
14463763,341726,Tereza,HROCHOVÁ,CZE,Czechia,1996-02-24,2021-08-07,"The XXXII Olympic Games, Odori Park, Sapporo",JPN,58,10229534,7132391,2:42:25
14695498,311022,Mao,ICHIYAMA,JPN,Japan,1997-05-29,2020-03-08,"Nagoya Women's Marathon, Nagoya",JPN,1,10229534,7138805,2:20:29
14695498,311022,Mao,ICHIYAMA,JPN,Japan,1997-05-29,2022-03-06,"Tokyo Marathon, Tokyo",JPN,6,10229534,7176614,2:21:02
14695498,311022,Mao,ICHIYAMA,JPN,Japan,1997-05-29,2021-01-31,"Osaka Women's Marathon, Osaka",JPN,1,10229534,7160063,2:21:11
14695498,311022,Mao,ICHIYAMA,JPN,Japan,1997-05-29,2019-03-03,"Tokyo Marathon, Tokyo",JPN,7,10229534,7128538,2:24:33
14695498,311022,Mao,ICHIYAMA,JPN,Japan,1997-05-29,2023-10-15,"Marathon Grand Championship - Paris 24 Selection Race, Tokyo",JPN,2,10229534,7202464,2:24:43
14695498,311022,Mao,ICHIYAMA,JPN,Japan,1997-05-29,2019-04-28,"Virgin Money London Marathon, London",GBR,15,10229534,7130122,2:27:27
14695498,311022,Mao,ICHIYAMA,JPN,Japan,1997-05-29,2021-08-07,"The XXXII Olympic Games, Odori Park, Sapporo",JPN,8,10229534,7132391,2:30:13
14695498,311022,Mao,ICHIYAMA,JPN,Japan,1997-05-29,2023-03-05,"Tokyo Marathon, Tokyo",JPN,14,10229534,7191878,2:31:52
14695498,311022,Mao,ICHIYAMA,JPN,Japan,1997-05-29,2019-09-15,"Marathon Grand Championships, Tokyo",JPN,6,10229534,7135823,2:32:30
14593938,288941,Peres,JEPCHIRCHIR,KEN,Kenya,1993-09-27,2024-04-21,"TCS London Marathon, London",GBR,1,10229534,7210829,2:16:16
14593938,288941,Peres,JEPCHIRCHIR,KEN,Kenya,1993-09-27,2020-12-06,"Maratón Valencia Trinidad Alfonso EDP, Valencia",ESP,1,10229534,7144910,2:17:16
14593938,288941,Peres,JEPCHIRCHIR,KEN,Kenya,1993-09-27,2023-04-23,"TCS London Marathon, London",GBR,3,10229534,7191880,2:18:38
14593938,288941,Peres,JEPCHIRCHIR,KEN,Kenya,1993-09-27,2021-11-07,"TCS New York Marathon, New York, NY",USA,1,10229534,7160206,2:22:39
14593938,288941,Peres,JEPCHIRCHIR,KEN,Kenya,1993-09-27,2019-12-08,"Saitama International Marathon, Saitama",JPN,1,10229534,7135324,2:23:50
14593938,288941,Peres,JEPCHIRCHIR,KEN,Kenya,1993-09-27,2021-08-07,"The XXXII Olympic Games, Odori Park, Sapporo",JPN,1,10229534,7132391,2:27:20
14593938,288941,Peres,JEPCHIRCHIR,KEN,Kenya,1993-09-27,2013-12-15,"Kisumu Safaricom Marathon, Kisumu",KEN,3,10229534,,2:47:33
14291432,205894,Helalia,JOHANNES,NAM,Namibia,1980-08-13,2020-12-06,"Maratón Valencia Trinidad Alfonso EDP, Valencia",ESP,3,10229534,7144910,2:19:52
14291432,205894,Helalia,JOHANNES,NAM,Namibia,1980-08-13,2019-03-10,"Nagoya Women's Marathon, Nagoya",JPN,1,10229534,7128702,2:22:25
14291432,205894,Helalia,JOHANNES,NAM,Namibia,1980-08-13,2012-08-05,"The XXX Olympic Games, Olympic Stadium, London",GBR,11,10229534,6999193,2:26:09
14291432,205894,Helalia,JOHANNES,NAM,Namibia,1980-08-13,2021-11-07,"TCS New York Marathon, New York, NY",USA,5,10229534,7160206,2:26:09
14291432,205894,Helalia,JOHANNES,NAM,Namibia,1980-08-13,2012-04-15,"Vienna City Marathon, Wien",AUT,3,10229534,,2:27:20
14291432,205894,Helalia,JOHANNES,NAM,Namibia,1980-08-13,2014-03-16,"Seoul Marathon, Seoul",KOR,3,10229534,,2:28:27
14291432,205894,Helalia,JOHANNES,NAM,Namibia,1980-08-13,2022-07-30,"XXII Commonwealth Games, Victoria Square, Birmingham",GBR,3,10229534,7147633,2:28:39
14291432,205894,Helalia,JOHANNES,NAM,Namibia,1980-08-13,2013-02-24,"Tokyo Marathon, Tokyo",JPN,6,10229534,,2:29:20
14291432,205894,Helalia,JOHANNES,NAM,Namibia,1980-08-13,2017-04-23,"Vienna City Marathon, Wien",AUT,6,10229534,,2:29:25
14291432,205894,Helalia,JOHANNES,NAM,Namibia,1980-08-13,2018-09-23,"Cape Town Marathon, Cape Town",RSA,1,10229534,7122549,2:29:28
14812272,382207,Mélody,JULIEN,FRA,France,1999-05-13,2023-12-03,"Maraton Valencia Trinidad Alfonso, Valencia",ESP,19,10229534,7191886,2:25:01
14812272,382207,Mélody,JULIEN,FRA,France,1999-05-13,2023-05-07,"Prague Marathon, Praha",CZE,5,10229534,7191898,2:29:07
14812272,382207,Mélody,JULIEN,FRA,France,1999-05-13,2022-02-20,"Zurich Maraton de Sevilla, Sevilla",ESP,21,10229534,7176628,2:31:39
14812272,382207,Mélody,JULIEN,FRA,France,1999-05-13,2022-08-15,"European Athletics Championships, Odeonplatz, München",GER,14,10229534,7147634,2:32:19
14812272,382207,Mélody,JULIEN,FRA,France,1999-05-13,2021-10-17,"TCS Amsterdam Marathon, Amsterdam",NED,12,10229534,7160175,2:40:25
14812272,382207,Mélody,JULIEN,FRA,France,1999-05-13,2023-10-22,"Marathon Vert Rennes Konica Minolta, Rennes",FRA,4,10229534,7202935,2:49:39
14466358,263231,Melat Yisak,KEJETA,GER,Germany,1992-09-27,2024-01-07,"Dubai Marathon, Dubai",UAE,4,10229534,7207359,2:21:47
14466358,263231,Melat Yisak,KEJETA,GER,Germany,1992-09-27,2019-09-29,"BMW BERLIN-MARATHON, Berlin",GER,6,10229534,7135298,2:23:57
14466358,263231,Melat Yisak,KEJETA,GER,Germany,1992-09-27,2023-05-28,"Tartan Homes Ottawa International Marathon, Ottawa",CAN,3,10229534,7191900,2:27:51
14466358,263231,Melat Yisak,KEJETA,GER,Germany,1992-09-27,2023-08-26,"World Athletics Championships, Budapest 2023, Hősök tere, Budapest",HUN,11,10229534,7138987,2:29:04
14466358,263231,Melat Yisak,KEJETA,GER,Germany,1992-09-27,2021-08-07,"The XXXII Olympic Games, Odori Park, Sapporo",JPN,6,10229534,7132391,2:29:16
14730790,309772,Brigid,KOSGEI,KEN,Kenya,1994-02-20,2019-10-13,"Bank of America Chicago Marathon, Chicago, IL",USA,1,10229534,,2:14:04
14730790,309772,Brigid,KOSGEI,KEN,Kenya,1994-02-20,2022-03-06,"Tokyo Marathon, Tokyo",JPN,1,10229534,7176614,2:16:02
14730790,309772,Brigid,KOSGEI,KEN,Kenya,1994-02-20,2019-04-28,"Virgin Money London Marathon, London",GBR,1,10229534,7130122,2:18:20
14730790,309772,Brigid,KOSGEI,KEN,Kenya,1994-02-20,2018-10-07,"Chicago Marathon, Chicago, IL",USA,1,10229534,7122980,2:18:35
14730790,309772,Brigid,KOSGEI,KEN,Kenya,1994-02-20,2021-10-03,"Virgin Money London Marathon, London",GBR,4,10229534,7160158,2:18:40
14730790,309772,Brigid,KOSGEI,KEN,Kenya,1994-02-20,2020-10-04,"Virgin Money London Marathon, London",GBR,1,10229534,7138848,2:18:58
14730790,309772,Brigid,KOSGEI,KEN,Kenya,1994-02-20,2024-04-21,"TCS London Marathon, London",GBR,5,10229534,7210829,2:19:02
14730790,309772,Brigid,KOSGEI,KEN,Kenya,1994-02-20,2023-12-16,"ADNOC Abu Dhabi Marathon, Abu Dhabi",UAE,1,10229534,7191969,2:19:15
14730790,309772,Brigid,KOSGEI,KEN,Kenya,1994-02-20,2018-04-22,"London Marathon, London",GBR,2,10229534,7117866,2:20:13
14730790,309772,Brigid,KOSGEI,KEN,Kenya,1994-02-20,2017-10-08,"Chicago Marathon, Chicago, IL",USA,2,10229534,,2:20:22
14644196,414729,Dakotah,LINDWURM,USA,United States,1995-05-01,2023-10-08,"Bank of America Chicago Marathon, Chicago, IL",USA,12,10229534,7191883,2:24:40
14644196,414729,Dakotah,LINDWURM,USA,United States,1995-05-01,2022-06-18,"Grandma's Marathon, Duluth, MN",USA,1,10229534,,2:25:01
14644196,414729,Dakotah,LINDWURM,USA,United States,1995-05-01,2024-02-03,"U.S. Olympic Team Trials - Marathon, Orlando, FL",USA,3,10229534,7206336,2:25:31
14644196,414729,Dakotah,LINDWURM,USA,United States,1995-05-01,2023-06-17,"Grandma's Marathon, Duluth, MN",USA,2,10229534,7201072,2:26:56
14644196,414729,Dakotah,LINDWURM,USA,United States,1995-05-01,2021-06-19,"Grandma's Marathon, Duluth, MN",USA,1,10229534,,2:29:04
14644196,414729,Dakotah,LINDWURM,USA,United States,1995-05-01,2020-12-20,"The Marathon Project, Chandler, AZ",USA,13,10229534,7159319,2:30:38
14644196,414729,Dakotah,LINDWURM,USA,United States,1995-05-01,2019-10-06,"Medtronic Twin Cities Marathon, Minneapolis, MN",USA,2,10229534,,2:32:49
14644196,414729,Dakotah,LINDWURM,USA,United States,1995-05-01,2019-06-22,"Grandma's Marathon, Duluth, MN",USA,4,10229534,7132831,2:34:06
14644196,414729,Dakotah,LINDWURM,USA,United States,1995-05-01,2020-02-29,"USA Olympic Team Trials Marathon, Atlanta, GA",USA,36,10229534,7142010,2:39:08
14336154,269461,Aleksandra,LISOWSKA,POL,Poland,1990-12-12,2023-12-03,"Maraton Valencia Trinidad Alfonso, Valencia",ESP,29,10229534,7191886,2:25:52
14336154,269461,Aleksandra,LISOWSKA,POL,Poland,1990-12-12,2021-04-18,"Maraton Dębno, Debno",POL,1,10229534,,2:26:08
14336154,269461,Aleksandra,LISOWSKA,POL,Poland,1990-12-12,2023-04-16,"NN Marathon Rotterdam, Rotterdam",NED,5,10229534,7192007,2:26:44
14336154,269461,Aleksandra,LISOWSKA,POL,Poland,1990-12-12,2022-08-15,"European Athletics Championships, Odeonplatz, München",GER,1,10229534,7147634,2:28:36
14336154,269461,Aleksandra,LISOWSKA,POL,Poland,1990-12-12,2020-12-06,"Polish Marathon Championships, Olesno",POL,1,10229534,7158932,2:30:47
14336154,269461,Aleksandra,LISOWSKA,POL,Poland,1990-12-12,2019-10-27,"CISM Military World Games, Five Rings Sports Center, Wuhan",CHN,6,10229534,7136758,2:31:40
14336154,269461,Aleksandra,LISOWSKA,POL,Poland,1990-12-12,2018-04-22,"Warszawa Marathon, Warszawa",POL,4,10229534,7117870,2:33:13
14336154,269461,Aleksandra,LISOWSKA,POL,Poland,1990-12-12,2021-08-07,"The XXXII Olympic Games, Odori Park, Sapporo",JPN,35,10229534,7132391,2:35:33
14336154,269461,Aleksandra,LISOWSKA,POL,Poland,1990-12-12,2019-04-14,"Orlen Warsaw Marathon, Warszawa",POL,8,10229534,7129665,2:35:55
14336154,269461,Aleksandra,LISOWSKA,POL,Poland,1990-12-12,2018-11-11,"Beirut Marathon, Beirut",LBN,8,10229534,7124008,2:38:57
14684778,308092,Sharon,LOKEDI,KEN,Kenya,1994-03-10,2022-11-06,"TCS New York City Marathon, New York, NY",USA,1,10229534,7176621,2:23:23
14684778,308092,Sharon,LOKEDI,KEN,Kenya,1994-03-10,2023-11-05,"TCS New York Marathon, New York, NY",USA,3,10229534,7191887,2:27:33
14420260,281288,Anne,LUIJTEN,NED,Netherlands,1994-04-04,2023-10-15,"TCS Amsterdam Marathon, Amsterdam",NED,10,10229534,7191884,2:26:36
14420260,281288,Anne,LUIJTEN,NED,Netherlands,1994-04-04,2024-04-14,"NN Marathon Rotterdam, Rotterdam",NED,12,10229534,7207612,2:28:47
14420260,281288,Anne,LUIJTEN,NED,Netherlands,1994-04-04,2023-04-16,"NN Marathon Rotterdam, Rotterdam",NED,11,10229534,7192007,2:30:59
14420260,281288,Anne,LUIJTEN,NED,Netherlands,1994-04-04,2022-04-10,"NN Marathon Rotterdam, Rotterdam",NED,12,10229534,7176639,2:36:34
14290718,223941,Majida,MAAYOUF,ESP,Spain,1989-04-27,2022-12-04,"Maraton Valencia Trinidad Alfonso EDP, Valencia",ESP,10,10229534,7176623,2:21:01
14290718,223941,Majida,MAAYOUF,ESP,Spain,1989-04-27,2023-12-03,"Maraton Valencia Trinidad Alfonso, Valencia",ESP,5,10229534,7191886,2:21:27
14290718,223941,Majida,MAAYOUF,ESP,Spain,1989-04-27,2022-02-20,"Zurich Maraton de Sevilla, Sevilla",ESP,8,10229534,7176628,2:24:09
14290718,223941,Majida,MAAYOUF,ESP,Spain,1989-04-27,2021-04-11,"Xiamen Marathon & Tuscany Camp Global Elite Race, Siena",ITA,16,10229534,7163971,2:29:24
14290718,223941,Majida,MAAYOUF,ESP,Spain,1989-04-27,2019-12-01,"Maratón Valencia Trinidad Alfonso EDP, Valencia",ESP,19,10229534,7135312,2:33:12
14373030,269462,Angelika,MACH,POL,Poland,1991-09-07,2023-12-03,"Maraton Valencia Trinidad Alfonso, Valencia",ESP,33,10229534,7191886,2:26:19
14373030,269462,Angelika,MACH,POL,Poland,1991-09-07,2021-04-18,"Maraton Dębno, Debno",POL,3,10229534,,2:27:48
14373030,269462,Angelika,MACH,POL,Poland,1991-09-07,2023-04-23,"Vienna City Marathon, Wien",AUT,7,10229534,7191938,2:30:05
14373030,269462,Angelika,MACH,POL,Poland,1991-09-07,2022-08-15,"European Athletics Championships, Odeonplatz, München",GER,19,10229534,7147634,2:35:03
14373030,269462,Angelika,MACH,POL,Poland,1991-09-07,2016-04-24,"Warszawa Marathon, Warszawa",POL,5,10229534,,2:37:13
14373030,269462,Angelika,MACH,POL,Poland,1991-09-07,2019-04-28,"PZU Cracovia Marathon, Kraków",POL,4,10229534,7130124,2:39:52
14373030,269462,Angelika,MACH,POL,Poland,1991-09-07,2018-09-30,"Warszawa PZU Marathon, Warszawa",POL,6,10229534,7122696,2:41:39
14373030,269462,Angelika,MACH,POL,Poland,1991-09-07,2015-10-11,"Poznań Marathon, Poznan",POL,3,10229534,,2:42:15
14373030,269462,Angelika,MACH,POL,Poland,1991-09-07,2021-08-07,"The XXXII Olympic Games, Odori Park, Sapporo",JPN,59,10229534,7132391,2:42:26
14373030,269462,Angelika,MACH,POL,Poland,1991-09-07,2015-09-13,"Wrocław Marathon, Wrocław",POL,3,10229534,,2:46:14
14643309,291071,Honami,MAEDA,JPN,Japan,1996-07-17,2024-01-28,"Osaka Women's Marathon, Osaka",JPN,2,10229534,7208104,2:18:59
14643309,291071,Honami,MAEDA,JPN,Japan,1996-07-17,2023-03-12,"Nagoya Women's Marathon, Nagoya",JPN,3,10229534,7191879,2:22:32
14643309,291071,Honami,MAEDA,JPN,Japan,1996-07-17,2021-01-31,"Osaka Women's Marathon, Osaka",JPN,2,10229534,7160063,2:23:30
14643309,291071,Honami,MAEDA,JPN,Japan,1996-07-17,2018-01-28,"Osaka International Ladies Marathon, Osaka",JPN,2,10229534,7115355,2:23:48
14643309,291071,Honami,MAEDA,JPN,Japan,1996-07-17,2019-09-15,"Marathon Grand Championships, Tokyo",JPN,1,10229534,7135823,2:25:15
14643309,291071,Honami,MAEDA,JPN,Japan,1996-07-17,2018-09-16,"Berlin Marathon, Berlin",GER,7,10229534,7122261,2:25:23
14643309,291071,Honami,MAEDA,JPN,Japan,1996-07-17,2023-10-15,"Marathon Grand Championship - Paris 24 Selection Race, Tokyo",JPN,7,10229534,7202464,2:27:02
14643309,291071,Honami,MAEDA,JPN,Japan,1996-07-17,2017-08-27,"Sapporo Hokkaido Marathon, Sapporo",JPN,1,10229534,,2:28:48
14643309,291071,Honami,MAEDA,JPN,Japan,1996-07-17,2019-03-03,"Tokyo Marathon, Tokyo",JPN,12,10229534,7128538,2:31:42
14643309,291071,Honami,MAEDA,JPN,Japan,1996-07-17,2017-01-29,"Osaka International Ladies Marathon, Osaka",JPN,12,10229534,,2:32:19
14486125,264537,Mokulubete Blandina,MAKATISI,LES,Lesotho,1995-09-01,2024-04-21,"Vienna City Marathon, Wien",AUT,9,10229534,7207389,2:30:54
14486125,264537,Mokulubete Blandina,MAKATISI,LES,Lesotho,1995-09-01,2022-07-30,"XXII Commonwealth Games, Victoria Square, Birmingham",GBR,8,10229534,7147633,2:36:05
14486125,264537,Mokulubete Blandina,MAKATISI,LES,Lesotho,1995-09-01,2023-08-26,"World Athletics Championships, Budapest 2023, Hősök tere, Budapest",HUN,42,10229534,7138987,2:37:49
14486125,264537,Mokulubete Blandina,MAKATISI,LES,Lesotho,1995-09-01,2021-10-17,"Sanlam Cape Town Marathon, Cape Town",RSA,14,10229534,,2:44:47
14486125,264537,Mokulubete Blandina,MAKATISI,LES,Lesotho,1995-09-01,2023-03-12,"Durban International Marathon, Durban",RSA,8,10229534,7192000,2:46:25
14498228,306792,Zhanna,MAMAZHANOVA,KAZ,Kazakhstan,1994-01-26,2024-04-14,"NN Marathon Rotterdam, Rotterdam",NED,9,10229534,7207612,2:26:42
14498228,306792,Zhanna,MAMAZHANOVA,KAZ,Kazakhstan,1994-01-26,2022-04-10,"NN Marathon Rotterdam, Rotterdam",NED,3,10229534,7176639,2:26:54
14498228,306792,Zhanna,MAMAZHANOVA,KAZ,Kazakhstan,1994-01-26,2021-05-23,"S7 Marathon, Fürstenfeld",AUT,1,10229534,,2:29:01
14498228,306792,Zhanna,MAMAZHANOVA,KAZ,Kazakhstan,1994-01-26,2022-07-18,"World Athletics Championships, Oregon 2022, Autzen Complex, Eugene, OR",USA,21,10229534,7137279,2:31:15
14498228,306792,Zhanna,MAMAZHANOVA,KAZ,Kazakhstan,1994-01-26,2021-03-28,"Tashkent International Marathon, Tashkent",UZB,2,10229534,,2:33:02
14498228,306792,Zhanna,MAMAZHANOVA,KAZ,Kazakhstan,1994-01-26,2021-08-07,"The XXXII Olympic Games, Odori Park, Sapporo",JPN,46,10229534,7132391,2:37:42
14498228,306792,Zhanna,MAMAZHANOVA,KAZ,Kazakhstan,1994-01-26,2018-09-16,"Astana Marathon, Astana",KAZ,4,10229534,7122378,2:38:56
14498228,306792,Zhanna,MAMAZHANOVA,KAZ,Kazakhstan,1994-01-26,2023-10-05,"19th Asian Games, Qiantang River Green Belt, Hangzhou",CHN,11,10229534,7147637,2:38:59
14498228,306792,Zhanna,MAMAZHANOVA,KAZ,Kazakhstan,1994-01-26,2019-09-29,"BMW BERLIN-MARATHON, Berlin",GER,33,10229534,7135298,2:42:04
14498228,306792,Zhanna,MAMAZHANOVA,KAZ,Kazakhstan,1994-01-26,2019-05-19,"Tet Riga Marathon, Riga",LAT,8,10229534,7131111,2:42:53
14537637,341102,Domenika,MAYER,GER,Germany,1990-10-09,2023-09-24,"BMW Berlin Marathon, Berlin",GER,14,10229534,7191882,2:23:47
14537637,341102,Domenika,MAYER,GER,Germany,1990-10-09,2024-04-14,"ADAC Marathon Hannover, Hannover",GER,1,10229534,7207469,2:23:50
14537637,341102,Domenika,MAYER,GER,Germany,1990-10-09,2022-04-03,"HAJ Hannover Marathon, Hannover",GER,1,10229534,7176764,2:26:50
14537637,341102,Domenika,MAYER,GER,Germany,1990-10-09,2023-04-16,"Oberbank Linz Donau Marathon, Linz",AUT,2,10229534,7194134,2:28:47
14537637,341102,Domenika,MAYER,GER,Germany,1990-10-09,2022-08-15,"European Athletics Championships, Odeonplatz, München",GER,6,10229534,7147634,2:29:21
14797371,354278,Julia,MAYER,AUT,Austria,1993-01-20,2023-12-03,"Maraton Valencia Trinidad Alfonso, Valencia",ESP,37,10229534,7191886,2:26:43
14797371,354278,Julia,MAYER,AUT,Austria,1993-01-20,2023-04-23,"Vienna City Marathon, Wien",AUT,8,10229534,7191938,2:30:42
14797371,354278,Julia,MAYER,AUT,Austria,1993-01-20,2024-04-21,"Vienna City Marathon, Wien",AUT,10,10229534,7207389,2:31:25
14797371,354278,Julia,MAYER,AUT,Austria,1993-01-20,2023-08-26,"World Athletics Championships, Budapest 2023, Hősök tere, Budapest",HUN,50,10229534,7138987,2:41:54
14797371,354278,Julia,MAYER,AUT,Austria,1993-01-20,2020-12-13,"Austrian Marathon Championships, Wien",AUT,3,10229534,7159099,2:46:35
14335825,262025,Jessica,MCCLAIN,USA,United States,1992-02-15,2024-02-03,"U.S. Olympic Team Trials - Marathon, Orlando, FL",USA,4,10229534,7206336,2:25:46
14335825,262025,Jessica,MCCLAIN,USA,United States,1992-02-15,2023-06-17,"Grandma's Marathon, Duluth, MN",USA,4,10229534,7201072,2:29:25
14283143,181743,Fionnuala,MCCORMACK,IRL,Ireland,1984-09-24,2021-12-05,"Maraton Valencia Trinidad Alfonso EDP, Valencia",ESP,5,10229534,7160232,2:23:58
14283143,181743,Fionnuala,MCCORMACK,IRL,Ireland,1984-09-24,2023-12-03,"Maraton Valencia Trinidad Alfonso, Valencia",ESP,34,10229534,7191886,2:26:19
14283143,181743,Fionnuala,MCCORMACK,IRL,Ireland,1984-09-24,2019-10-13,"Bank of America Chicago Marathon, Chicago, IL",USA,5,10229534,,2:26:47
14283143,181743,Fionnuala,MCCORMACK,IRL,Ireland,1984-09-24,2022-08-15,"European Athletics Championships, Odeonplatz, München",GER,7,10229534,7147634,2:29:25
14283143,181743,Fionnuala,MCCORMACK,IRL,Ireland,1984-09-24,2016-08-14,"The XXXI Olympic Games, Estádio Olímpico, Rio de Janeiro",BRA,20,10229534,7093747,2:31:22
14283143,181743,Fionnuala,MCCORMACK,IRL,Ireland,1984-09-24,2014-08-16,"Zürich European Championships, Letzigrund, Zürich",SUI,10,10229534,7049119,2:31:46
14283143,181743,Fionnuala,MCCORMACK,IRL,Ireland,1984-09-24,2015-10-11,"Chicago Marathon, Chicago, IL",USA,13,10229534,,2:33:15
14283143,181743,Fionnuala,MCCORMACK,IRL,Ireland,1984-09-24,2021-08-07,"The XXXII Olympic Games, Odori Park, Sapporo",JPN,25,10229534,7132391,2:34:09
14426302,280139,Joan Chelimo,MELLY,ROU,Romania,1990-11-10,2022-04-17,"Seoul Marathon, Seoul",KOR,1,10229534,7176616,2:18:04
14426302,280139,Joan Chelimo,MELLY,ROU,Romania,1990-11-10,2022-10-02,"TCS London Marathon, London",GBR,5,10229534,7176624,2:19:27
14426302,280139,Joan Chelimo,MELLY,ROU,Romania,1990-11-10,2020-12-06,"Maratón Valencia Trinidad Alfonso EDP, Valencia",ESP,8,10229534,7144910,2:20:57
14426302,280139,Joan Chelimo,MELLY,ROU,Romania,1990-11-10,2021-10-03,"Virgin Money London Marathon, London",GBR,7,10229534,7160158,2:21:23
14426302,280139,Joan Chelimo,MELLY,ROU,Romania,1990-11-10,2023-12-03,"Maraton Valencia Trinidad Alfonso, Valencia",ESP,12,10229534,7191886,2:24:16
14426302,280139,Joan Chelimo,MELLY,ROU,Romania,1990-11-10,2019-03-03,"Tokyo Marathon, Tokyo",JPN,8,10229534,7128538,2:26:24
14326274,240522,Delvine Relin,MERINGOR,ROU,Romania,1992-08-01,2023-03-19,"Zurich Marato Barcelona, Barcelona",ESP,3,10229534,7191896,2:20:49
14326274,240522,Delvine Relin,MERINGOR,ROU,Romania,1992-08-01,2023-09-24,"BMW Berlin Marathon, Berlin",GER,12,10229534,7191882,2:23:25
14326274,240522,Delvine Relin,MERINGOR,ROU,Romania,1992-08-01,2021-04-11,"Xiamen Marathon & Tuscany Camp Global Elite Race, Siena",ITA,6,10229534,7163971,2:24:32
14326274,240522,Delvine Relin,MERINGOR,ROU,Romania,1992-08-01,2022-03-20,"Los Angeles Marathon, Los Angeles, CA",USA,1,10229534,,2:25:04
14326274,240522,Delvine Relin,MERINGOR,ROU,Romania,1992-08-01,2024-03-10,"Nagoya Women's Marathon, Nagoya",JPN,6,10229534,7207352,2:26:09
14645754,304233,Clementine,MUKANDANGA,RWA,Rwanda,1985-12-08,2023-11-26,"39^ Firenze Marathon, Firenze",ITA,1,10229534,7202301,2:25:54
14645754,304233,Clementine,MUKANDANGA,RWA,Rwanda,1985-12-08,2022-11-27,"Asics Firenze Marathon, Firenze",ITA,3,10229534,,2:28:00
14645754,304233,Clementine,MUKANDANGA,RWA,Rwanda,1985-12-08,2021-12-11,"Maratona di Reggio Emilia - Città del Tricolore Trofeo Parmigiano Reggiano, Reggio Emilia",ITA,1,10229534,,2:30:16
14645754,304233,Clementine,MUKANDANGA,RWA,Rwanda,1985-12-08,2018-11-25,"Firenze Marathon, Firenze",ITA,3,10229534,7124552,2:30:59
14645754,304233,Clementine,MUKANDANGA,RWA,Rwanda,1985-12-08,2020-12-13,"Italian Marathon Championships, Reggio Emilia",ITA,OC,10229534,7159101,2:32:24
14645754,304233,Clementine,MUKANDANGA,RWA,Rwanda,1985-12-08,2019-12-01,"Osaka Marathon, Osaka",JPN,6,10229534,7137953,2:32:45
14645754,304233,Clementine,MUKANDANGA,RWA,Rwanda,1985-12-08,2021-11-14,"Neapolis Marathon, Napoli",ITA,1,10229534,,2:33:43
14645754,304233,Clementine,MUKANDANGA,RWA,Rwanda,1985-12-08,2018-10-14,"Sofia Marathon, Sofia",BUL,2,10229534,7123390,2:35:45
14645754,304233,Clementine,MUKANDANGA,RWA,Rwanda,1985-12-08,2022-02-27,"Split Marathon, Split",CRO,1,10229534,,2:37:05
14645754,304233,Clementine,MUKANDANGA,RWA,Rwanda,1985-12-08,2023-08-26,"World Athletics Championships, Budapest 2023, Hősök tere, Budapest",HUN,37,10229534,7138987,2:37:09
14426782,339479,Esther,NAVARRETE,ESP,Spain,1990-03-16,2024-02-18,"Zurich Maratón de Sevilla, Sevilla",ESP,10,10229534,7207579,2:24:40
14325369,308818,Rutendo Joan,NYAHORA,ZIM,Zimbabwe,1988-11-11,2023-10-29,"Mainova Frankfurt Marathon, Frankfurt",GER,15,10229534,7191953,2:32:00
14325369,308818,Rutendo Joan,NYAHORA,ZIM,Zimbabwe,1988-11-11,2024-04-14,"ADAC Marathon Hannover, Hannover",GER,9,10229534,7207469,2:34:29
14325369,308818,Rutendo Joan,NYAHORA,ZIM,Zimbabwe,1988-11-11,2019-04-07,"Vienna City Marathon, Wien",AUT,7,10229534,7129462,2:34:49
14325369,308818,Rutendo Joan,NYAHORA,ZIM,Zimbabwe,1988-11-11,2023-04-23,"Vienna City Marathon, Wien",AUT,13,10229534,7191938,2:36:07
14325369,308818,Rutendo Joan,NYAHORA,ZIM,Zimbabwe,1988-11-11,2016-04-10,"Vienna City Marathon, Wien",AUT,8,10229534,,2:39:58
14325369,308818,Rutendo Joan,NYAHORA,ZIM,Zimbabwe,1988-11-11,2017-08-06,"IAAF World Championships in Athletics, Olympic Stadium, London",GBR,47,10229534,7093740,2:42:53
14325369,308818,Rutendo Joan,NYAHORA,ZIM,Zimbabwe,1988-11-11,2016-08-14,"The XXXI Olympic Games, Estádio Olímpico, Rio de Janeiro",BRA,92,10229534,7093747,2:47:32
14325369,308818,Rutendo Joan,NYAHORA,ZIM,Zimbabwe,1988-11-11,2019-09-27,"IAAF World Championships in Athletics, Corniche, Doha",QAT,21,10229534,7125365,2:52:33
14639376,310712,Fiona,O'KEEFFE,USA,United States,1998-05-24,2024-02-03,"U.S. Olympic Team Trials - Marathon, Orlando, FL",USA,1,10229534,7206336,2:22:10
14424921,263953,Hellen,OBIRI,KEN,Kenya,1989-12-13,2022-11-06,"TCS New York City Marathon, New York, NY",USA,6,10229534,7176621,2:25:49
14424921,263953,Hellen,OBIRI,KEN,Kenya,1989-12-13,2023-11-05,"TCS New York Marathon, New York, NY",USA,1,10229534,7191887,2:27:23
14802812,389498,Daiana,OCAMPO,ARG,Argentina,1991-02-16,2024-04-28,"38. Haspa Marathon Hamburg, Hamburg",GER,7,10229534,7206878,2:26:24
14802812,389498,Daiana,OCAMPO,ARG,Argentina,1991-02-16,2024-02-18,"Zurich Maratón de Sevilla, Sevilla",ESP,20,10229534,7207579,2:27:16
14802812,389498,Daiana,OCAMPO,ARG,Argentina,1991-02-16,2020-12-13,"Austrian Marathon Championships, Wien",AUT,OC,10229534,7159099,2:31:33
14802812,389498,Daiana,OCAMPO,ARG,Argentina,1991-02-16,2021-04-18,"Maratón Internacional “A Pampa Traviesa”, Santa Rosa",ARG,1,10229534,,2:31:41
14802812,389498,Daiana,OCAMPO,ARG,Argentina,1991-02-16,2022-02-20,"Zurich Maraton de Sevilla, Sevilla",ESP,23,10229534,7176628,2:32:36
14802812,389498,Daiana,OCAMPO,ARG,Argentina,1991-02-16,2023-02-19,"Zurich Maraton de Sevilla, Sevilla",ESP,25,10229534,7191928,2:33:54
14802812,389498,Daiana,OCAMPO,ARG,Argentina,1991-02-16,2019-09-22,"Maratón de Buenos Aires Ñandú - South American Marathon Championships, Buenos Aires",ARG,5,10229534,,2:34:12
14802812,389498,Daiana,OCAMPO,ARG,Argentina,1991-02-16,2021-10-10,"Bank of America Chicago Marathon, Chicago, IL",USA,12,10229534,7160168,2:34:46
14802812,389498,Daiana,OCAMPO,ARG,Argentina,1991-02-16,2019-04-07,"NN Marathon Rotterdam, Rotterdam",NED,21,10229534,7129471,2:41:36
14910229,498675,Cian,OLDKNOW,RSA,South Africa,1996-09-17,2024-02-18,"Zurich Maratón de Sevilla, Sevilla",ESP,14,10229534,7207579,2:25:08
14910229,498675,Cian,OLDKNOW,RSA,South Africa,1996-09-17,2024-04-28,"Durban International Marathon, Durban",RSA,1,10229534,7207354,2:29:46
14521783,298550,Angie,ORJUELA,COL,Colombia,1989-05-09,2023-09-24,"BMW Berlin Marathon, Berlin",GER,16,10229534,7191882,2:25:35
14521783,298550,Angie,ORJUELA,COL,Colombia,1989-05-09,2020-12-06,"Maratón Valencia Trinidad Alfonso EDP, Valencia",ESP,19,10229534,7144910,2:29:12
14521783,298550,Angie,ORJUELA,COL,Colombia,1989-05-09,2019-07-27,"Pan American Games, Lima",PER,3,10229534,7134069,2:32:27
14521783,298550,Angie,ORJUELA,COL,Colombia,1989-05-09,2023-02-19,"Zurich Maraton de Sevilla, Sevilla",ESP,22,10229534,7191928,2:33:05
14521783,298550,Angie,ORJUELA,COL,Colombia,1989-05-09,2015-04-12,"Santiago de Chile Marathon, Santiago de Chile",CHI,4,10229534,,2:34:58
14521783,298550,Angie,ORJUELA,COL,Colombia,1989-05-09,2016-04-17,"Hamburg Marathon, Hamburg",GER,12,10229534,,2:35:13
14521783,298550,Angie,ORJUELA,COL,Colombia,1989-05-09,2016-08-14,"The XXXI Olympic Games, Estádio Olímpico, Rio de Janeiro",BRA,43,10229534,7093747,2:37:05
14521783,298550,Angie,ORJUELA,COL,Colombia,1989-05-09,2019-01-20,"Chevron Houston Marathon, Houston, TX",USA,12,10229534,7126881,2:37:17
14521783,298550,Angie,ORJUELA,COL,Colombia,1989-05-09,2021-08-07,"The XXXII Olympic Games, Odori Park, Sapporo",JPN,55,10229534,7132391,2:40:04
14521783,298550,Angie,ORJUELA,COL,Colombia,1989-05-09,2014-09-14,"Medellín Maratón de las Flores, Medellín",COL,3,10229534,,2:48:25
14501901,390040,Silvia Patricia,ORTIZ MOROCHO,ECU,Ecuador,1992-06-30,2023-12-03,"Maraton Valencia Trinidad Alfonso, Valencia",ESP,18,10229534,7191886,2:24:50
14501901,390040,Silvia Patricia,ORTIZ MOROCHO,ECU,Ecuador,1992-06-30,2023-02-19,"Zurich Maraton de Sevilla, Sevilla",ESP,11,10229534,7191928,2:27:36
14501901,390040,Silvia Patricia,ORTIZ MOROCHO,ECU,Ecuador,1992-06-30,2023-08-26,"World Athletics Championships, Budapest 2023, Hősök tere, Budapest",HUN,29,10229534,7138987,2:35:09
14501901,390040,Silvia Patricia,ORTIZ MOROCHO,ECU,Ecuador,1992-06-30,2019-09-22,"Maratón de Buenos Aires Ñandú - South American Marathon Championships, Buenos Aires",ARG,11,10229534,,2:42:53
14501901,390040,Silvia Patricia,ORTIZ MOROCHO,ECU,Ecuador,1992-06-30,2021-05-02,"South American Marathon Championships, Asunción",PAR,1,10229534,7174043,2:48:10
14790858,364504,Fatima Azzahraa,OUHADDOU NAFIE,ESP,Spain,1993-08-30,2023-12-03,"Maraton Valencia Trinidad Alfonso, Valencia",ESP,22,10229534,7191886,2:25:30
14790858,364504,Fatima Azzahraa,OUHADDOU NAFIE,ESP,Spain,1993-08-30,2023-04-16,"NN Marathon Rotterdam, Rotterdam",NED,4,10229534,7192007,2:26:44
14329614,267126,Matea,PARLOV KOŠTRO,CRO,Croatia,1992-06-02,2023-03-26,"Hannover Marathon, Hannover",GER,1,10229534,7192002,2:25:45
14329614,267126,Matea,PARLOV KOŠTRO,CRO,Croatia,1992-06-02,2023-10-29,"Mainova Frankfurt Marathon, Frankfurt",GER,13,10229534,7191953,2:28:37
14329614,267126,Matea,PARLOV KOŠTRO,CRO,Croatia,1992-06-02,2022-04-03,"HAJ Hannover Marathon, Hannover",GER,3,10229534,7176764,2:28:39
14329614,267126,Matea,PARLOV KOŠTRO,CRO,Croatia,1992-06-02,2022-08-15,"European Athletics Championships, Odeonplatz, München",GER,2,10229534,7147634,2:28:42
14329614,267126,Matea,PARLOV KOŠTRO,CRO,Croatia,1992-06-02,2020-12-06,"Maratón Valencia Trinidad Alfonso EDP, Valencia",ESP,18,10229534,7144910,2:28:52
14329614,267126,Matea,PARLOV KOŠTRO,CRO,Croatia,1992-06-02,2019-02-17,"Zurich Maratón de Sevilla, Sevilla",ESP,8,10229534,7128089,2:32:43
14329614,267126,Matea,PARLOV KOŠTRO,CRO,Croatia,1992-06-02,2021-08-07,"The XXXII Olympic Games, Odori Park, Sapporo",JPN,21,10229534,7132391,2:33:18
14329614,267126,Matea,PARLOV KOŠTRO,CRO,Croatia,1992-06-02,2018-09-16,"Berlin Marathon, Berlin",GER,20,10229534,7122261,2:38:05
14785911,369363,Marie,PERRIER,MRI,Mauritius,1995-03-30,2023-12-03,"Maraton Valencia Trinidad Alfonso, Valencia",ESP,32,10229534,7191886,2:26:19
14785911,369363,Marie,PERRIER,MRI,Mauritius,1995-03-30,2023-04-16,"NN Marathon Rotterdam, Rotterdam",NED,10,10229534,7192007,2:29:45
14785911,369363,Marie,PERRIER,MRI,Mauritius,1995-03-30,2022-12-04,"Maraton Valencia Trinidad Alfonso EDP, Valencia",ESP,32,10229534,7176623,2:34:35
14785911,369363,Marie,PERRIER,MRI,Mauritius,1995-03-30,2022-05-08,"Zurich Marató de Barcelona, Barcelona",ESP,9,10229534,7178131,2:39:43
14276123,232337,Charlotte,PURDUE,GBR,Great Britain & N.I.,1991-06-10,2023-09-24,"BMW Berlin Marathon, Berlin",GER,9,10229534,7191882,2:22:17
14276123,232337,Charlotte,PURDUE,GBR,Great Britain & N.I.,1991-06-10,2021-10-03,"Virgin Money London Marathon, London",GBR,10,10229534,7160158,2:23:26
14276123,232337,Charlotte,PURDUE,GBR,Great Britain & N.I.,1991-06-10,2019-04-28,"Virgin Money London Marathon, London",GBR,10,10229534,7130122,2:25:38
14276123,232337,Charlotte,PURDUE,GBR,Great Britain & N.I.,1991-06-10,2017-04-23,"London Marathon, London",GBR,15,10229534,,2:29:23
14276123,232337,Charlotte,PURDUE,GBR,Great Britain & N.I.,1991-06-10,2017-08-06,"IAAF World Championships in Athletics, Olympic Stadium, London",GBR,13,10229534,7093740,2:29:48
14276123,232337,Charlotte,PURDUE,GBR,Great Britain & N.I.,1991-06-10,2016-10-30,"Frankfurt Marathon, Frankfurt",GER,5,10229534,,2:30:04
14276123,232337,Charlotte,PURDUE,GBR,Great Britain & N.I.,1991-06-10,2017-11-12,"Saitama Marathon, Saitama",JPN,4,10229534,,2:30:34
14276123,232337,Charlotte,PURDUE,GBR,Great Britain & N.I.,1991-06-10,2016-04-24,"London Marathon, London",GBR,16,10229534,,2:32:48
14379678,259418,Camilla,RICHARDSSON,FIN,Finland,1993-09-14,2023-12-03,"Maraton Valencia Trinidad Alfonso, Valencia",ESP,16,10229534,7191886,2:24:38
14379678,259418,Camilla,RICHARDSSON,FIN,Finland,1993-09-14,2021-12-05,"Maraton Valencia Trinidad Alfonso EDP, Valencia",ESP,20,10229534,7160232,2:30:45
14382625,262284,Luz Mery,ROJAS,PER,Peru,1993-06-20,2024-02-18,"Zurich Maratón de Sevilla, Sevilla",ESP,19,10229534,7207579,2:26:47
14382625,262284,Luz Mery,ROJAS,PER,Peru,1993-06-20,2022-09-11,"Life Lima 42K, Lima",PER,3,10229534,,2:36:20
14646117,406708,Méline,ROLLIN,FRA,France,1998-06-17,2024-02-18,"Zurich Maratón de Sevilla, Sevilla",ESP,6,10229534,7207579,2:24:12
14646117,406708,Méline,ROLLIN,FRA,France,1998-06-17,2023-10-15,"TCS Amsterdam Marathon, Amsterdam",NED,11,10229534,7191884,2:26:58
14646117,406708,Méline,ROLLIN,FRA,France,1998-06-17,2022-12-04,"Maraton Valencia Trinidad Alfonso EDP, Valencia",ESP,24,10229534,7176623,2:30:27
14302631,205981,Jackline,SAKILU,TAN,Tanzania,1986-12-28,2024-03-24,"Chang'an Automobile Chongqing Marathon, Chongqing",CHN,1,10229534,7207747,2:21:27
14302631,205981,Jackline,SAKILU,TAN,Tanzania,1986-12-28,2023-11-26,"Shanghai Marathon, Shanghai",CHN,8,10229534,7191885,2:26:50
14302631,205981,Jackline,SAKILU,TAN,Tanzania,1986-12-28,2021-05-30,"RETAIL CAPITAL Langa Marathon Challenge, Cape Town",RSA,4,10229534,,2:37:55
14302631,205981,Jackline,SAKILU,TAN,Tanzania,1986-12-28,2021-02-28,"Kilimanjaro Premium Lager Marathon, Moshi",TAN,1,10229534,,2:45:44
14302631,205981,Jackline,SAKILU,TAN,Tanzania,1986-12-28,2021-11-07,"NBC Dodoma Marathon, Dodoma",TAN,2,10229534,,2:45:45
14302631,205981,Jackline,SAKILU,TAN,Tanzania,1986-12-28,2022-07-30,"XXII Commonwealth Games, Victoria Square, Birmingham",GBR,16,10229534,7147633,3:02:33
14523502,308491,Lonah Chemtai,SALPETER,ISR,Israel,1988-12-12,2020-03-01,"Tokyo Marathon, Tokyo",JPN,1,10229534,7138801,2:17:45
14523502,308491,Lonah Chemtai,SALPETER,ISR,Israel,1988-12-12,2022-03-13,"Nagoya Women's Marathon, Nagoya",JPN,2,10229534,7176615,2:18:45
14523502,308491,Lonah Chemtai,SALPETER,ISR,Israel,1988-12-12,2021-10-03,"Virgin Money London Marathon, London",GBR,5,10229534,7160158,2:18:54
14523502,308491,Lonah Chemtai,SALPETER,ISR,Israel,1988-12-12,2019-05-05,"Volkswagen Prague Marathon, Praha",CZE,1,10229534,7130475,2:19:46
14523502,308491,Lonah Chemtai,SALPETER,ISR,Israel,1988-12-12,2022-07-18,"World Athletics Championships, Oregon 2022, Autzen Complex, Eugene, OR",USA,3,10229534,7137279,2:20:18
14523502,308491,Lonah Chemtai,SALPETER,ISR,Israel,1988-12-12,2021-03-14,"Agmon Hahula Marathon, Hula Lake Park",ISR,1,10229534,,2:22:37
14523502,308491,Lonah Chemtai,SALPETER,ISR,Israel,1988-12-12,2019-10-27,"Mainova Frankfurt Marathon, Frankfurt",GER,4,10229534,,2:23:11
14523502,308491,Lonah Chemtai,SALPETER,ISR,Israel,1988-12-12,2022-11-06,"TCS New York City Marathon, New York, NY",USA,2,10229534,7176621,2:23:30
14523502,308491,Lonah Chemtai,SALPETER,ISR,Israel,1988-12-12,2018-11-25,"Firenze Marathon, Firenze",ITA,1,10229534,7124552,2:24:17
14523502,308491,Lonah Chemtai,SALPETER,ISR,Israel,1988-12-12,2023-08-26,"World Athletics Championships, Budapest 2023, Hősök tere, Budapest",HUN,4,10229534,7138987,2:25:38
14363675,262630,Susana,SANTOS,POR,Portugal,1992-07-05,2023-12-03,"Maraton Valencia Trinidad Alfonso, Valencia",ESP,24,10229534,7191886,2:25:35
14363675,262630,Susana,SANTOS,POR,Portugal,1992-07-05,2023-02-19,"Zurich Maraton de Sevilla, Sevilla",ESP,13,10229534,7191928,2:28:56
14940420,264579,Fabienne,SCHLUMPF,SUI,Switzerland,1990-11-17,2023-12-03,"Maraton Valencia Trinidad Alfonso, Valencia",ESP,14,10229534,7191886,2:24:30
14940420,264579,Fabienne,SCHLUMPF,SUI,Switzerland,1990-11-17,2023-09-24,"BMW Berlin Marathon, Berlin",GER,15,10229534,7191882,2:25:27
14940420,264579,Fabienne,SCHLUMPF,SUI,Switzerland,1990-11-17,2021-04-03,"Belp Marathon, Belp",SUI,2,10229534,7163671,2:26:14
14940420,264579,Fabienne,SCHLUMPF,SUI,Switzerland,1990-11-17,2021-09-12,"Vienna City Marathon, Wien",AUT,4,10229534,7160139,2:26:31
14940420,264579,Fabienne,SCHLUMPF,SUI,Switzerland,1990-11-17,2022-08-15,"European Athletics Championships, Odeonplatz, München",GER,9,10229534,7147634,2:30:17
14940420,264579,Fabienne,SCHLUMPF,SUI,Switzerland,1990-11-17,2021-08-07,"The XXXII Olympic Games, Odori Park, Sapporo",JPN,12,10229534,7132391,2:31:36
14587891,341487,Deborah,SCHÖNEBORN,GER,Germany,1994-03-13,2024-01-14,"Chevron Houston Marathon, Houston, TX",USA,4,10229534,7207952,2:24:54
14587891,341487,Deborah,SCHÖNEBORN,GER,Germany,1994-03-13,2023-02-19,"Zurich Maraton de Sevilla, Sevilla",ESP,5,10229534,7191928,2:25:52
14587891,341487,Deborah,SCHÖNEBORN,GER,Germany,1994-03-13,2020-12-06,"Maratón Valencia Trinidad Alfonso EDP, Valencia",ESP,12,10229534,7144910,2:26:55
14587891,341487,Deborah,SCHÖNEBORN,GER,Germany,1994-03-13,2023-09-24,"BMW Berlin Marathon, Berlin",GER,19,10229534,7191882,2:27:35
14587891,341487,Deborah,SCHÖNEBORN,GER,Germany,1994-03-13,2022-04-24,"Haspa Marathon, Hamburg",GER,9,10229534,,2:29:51
14587891,341487,Deborah,SCHÖNEBORN,GER,Germany,1994-03-13,2022-08-15,"European Athletics Championships, Odeonplatz, München",GER,10,10229534,7147634,2:30:35
14587891,341487,Deborah,SCHÖNEBORN,GER,Germany,1994-03-13,2019-10-13,"RheinEnergie Marathon Köln, Köln",GER,1,10229534,7136660,2:31:18
14587891,341487,Deborah,SCHÖNEBORN,GER,Germany,1994-03-13,2021-08-07,"The XXXII Olympic Games, Odori Park, Sapporo",JPN,18,10229534,7132391,2:33:08
14664871,294797,Amane Beriso,SHANKULE,ETH,Ethiopia,1991-10-13,2022-12-04,"Maraton Valencia Trinidad Alfonso EDP, Valencia",ESP,1,10229534,7176623,2:14:58
14664871,294797,Amane Beriso,SHANKULE,ETH,Ethiopia,1991-10-13,2024-03-03,"Tokyo Marathon, Tokyo",JPN,3,10229534,7207351,2:16:58
14664871,294797,Amane Beriso,SHANKULE,ETH,Ethiopia,1991-10-13,2016-01-22,"Dubai Standard Chartered Marathon, Dubai",UAE,2,10229534,,2:20:48
14664871,294797,Amane Beriso,SHANKULE,ETH,Ethiopia,1991-10-13,2017-05-07,"Praha Marathon, Praha",CZE,2,10229534,,2:22:15
14664871,294797,Amane Beriso,SHANKULE,ETH,Ethiopia,1991-10-13,2023-08-26,"World Athletics Championships, Budapest 2023, Hősök tere, Budapest",HUN,1,10229534,7138987,2:24:23
14664871,294797,Amane Beriso,SHANKULE,ETH,Ethiopia,1991-10-13,2020-01-19,"Tata Mumbai Marathon, Mumbai",IND,1,10229534,7138761,2:24:51
14664871,294797,Amane Beriso,SHANKULE,ETH,Ethiopia,1991-10-13,2018-10-21,"Toronto Waterfront Marathon, Toronto",CAN,6,10229534,7123449,2:28:56
14731840,315496,Magdalena,SHAURI,TAN,Tanzania,1996-02-25,2023-09-24,"BMW Berlin Marathon, Berlin",GER,3,10229534,7191882,2:18:41
14731840,315496,Magdalena,SHAURI,TAN,Tanzania,1996-02-25,2024-03-03,"Tokyo Marathon, Tokyo",JPN,11,10229534,7207351,2:32:58
14731840,315496,Magdalena,SHAURI,TAN,Tanzania,1996-02-25,2017-04-23,"Hamburg Marathon, Hamburg",GER,5,10229534,,2:33:28
14731840,315496,Magdalena,SHAURI,TAN,Tanzania,1996-02-25,2017-01-15,"Mumbai Standard Chartered Marathon, Mumbai",IND,4,10229534,,2:34:51
14321386,254517,Emily,SISSON,USA,United States,1991-10-12,2022-10-09,"Bank of America Chicago Marathon, Chicago, IL",USA,2,10229534,7176619,2:18:29
14321386,254517,Emily,SISSON,USA,United States,1991-10-12,2023-10-08,"Bank of America Chicago Marathon, Chicago, IL",USA,7,10229534,7191883,2:22:09
14321386,254517,Emily,SISSON,USA,United States,1991-10-12,2024-02-03,"U.S. Olympic Team Trials - Marathon, Orlando, FL",USA,2,10229534,7206336,2:22:42
14321386,254517,Emily,SISSON,USA,United States,1991-10-12,2019-04-28,"Virgin Money London Marathon, London",GBR,6,10229534,7130122,2:23:08
14478926,345201,Meritxell,SOLER,ESP,Spain,1992-07-20,2024-02-18,"Zurich Maratón de Sevilla, Sevilla",ESP,13,10229534,7207579,2:24:57
14478926,345201,Meritxell,SOLER,ESP,Spain,1992-07-20,2023-02-19,"Zurich Maraton de Sevilla, Sevilla",ESP,8,10229534,7191928,2:26:37
14478926,345201,Meritxell,SOLER,ESP,Spain,1992-07-20,2023-08-26,"World Athletics Championships, Budapest 2023, Hősök tere, Budapest",HUN,27,10229534,7138987,2:34:38
14336656,258886,Jessica,STENSON,AUS,Australia,1987-08-15,2024-04-07,"Daegu Marathon, Daegu",KOR,4,10229534,7207805,2:24:01
14336656,258886,Jessica,STENSON,AUS,Australia,1987-08-15,2021-10-17,"Perth Marathon, Perth",AUS,1,10229534,,2:25:15
14336656,258886,Jessica,STENSON,AUS,Australia,1987-08-15,2018-10-21,"Toronto Waterfront Marathon, Toronto",CAN,4,10229534,7123449,2:25:59
14336656,258886,Jessica,STENSON,AUS,Australia,1987-08-15,2018-07-01,"Gold Coast Airport Marathon, Gold Coast",AUS,2,10229534,7120614,2:26:31
14336656,258886,Jessica,STENSON,AUS,Australia,1987-08-15,2017-04-23,"London Marathon, London",GBR,10,10229534,,2:27:01
14336656,258886,Jessica,STENSON,AUS,Australia,1987-08-15,2022-11-06,"TCS New York City Marathon, New York, NY",USA,9,10229534,7176621,2:27:27
14336656,258886,Jessica,STENSON,AUS,Australia,1987-08-15,2022-07-30,"XXII Commonwealth Games, Victoria Square, Birmingham",GBR,1,10229534,7147633,2:27:31
14336656,258886,Jessica,STENSON,AUS,Australia,1987-08-15,2015-10-18,"Melbourne Marathon, Melbourne",AUS,1,10229534,,2:27:45
14336656,258886,Jessica,STENSON,AUS,Australia,1987-08-15,2017-08-06,"IAAF World Championships in Athletics, Olympic Stadium, London",GBR,9,10229534,7093740,2:28:59
14336656,258886,Jessica,STENSON,AUS,Australia,1987-08-15,2014-07-27,"Glasgow Commonwealth Games, Hampden Park, Glasgow",GBR,3,10229534,,2:30:12
14475570,311315,Moira,STEWARTOVÁ,CZE,Czechia,1995-06-09,2023-12-03,"Maraton Valencia Trinidad Alfonso, Valencia",ESP,25,10229534,7191886,2:25:36
14475570,311315,Moira,STEWARTOVÁ,CZE,Czechia,1995-06-09,2021-05-30,"Volkswagen Prague Marathon – Battle of the Teams, Praha",CZE,10,10229534,7165750,2:29:28
14475570,311315,Moira,STEWARTOVÁ,CZE,Czechia,1995-06-09,2021-04-03,"Belp Marathon, Belp",SUI,3,10229534,7163671,2:29:39
14475570,311315,Moira,STEWARTOVÁ,CZE,Czechia,1995-06-09,2023-05-07,"Prague Marathon, Praha",CZE,7,10229534,7191898,2:31:54
14475570,311315,Moira,STEWARTOVÁ,CZE,Czechia,1995-06-09,2023-08-26,"World Athletics Championships, Budapest 2023, Hősök tere, Budapest",HUN,26,10229534,7138987,2:34:02
14475570,311315,Moira,STEWARTOVÁ,CZE,Czechia,1995-06-09,2022-08-15,"European Athletics Championships, Odeonplatz, München",GER,40,10229534,7147634,2:43:03
14730601,322580,Gerda,STEYN,RSA,South Africa,1990-03-03,2023-12-03,"Maraton Valencia Trinidad Alfonso, Valencia",ESP,11,10229534,7191886,2:24:03
14730601,322580,Gerda,STEYN,RSA,South Africa,1990-03-03,2021-04-11,"Xiamen Marathon & Tuscany Camp Global Elite Race, Siena",ITA,8,10229534,7163971,2:25:28
14730601,322580,Gerda,STEYN,RSA,South Africa,1990-03-03,2021-10-17,"Sanlam Cape Town Marathon, Cape Town",RSA,4,10229534,,2:26:25
14730601,322580,Gerda,STEYN,RSA,South Africa,1990-03-03,2020-10-04,"Virgin Money London Marathon, London",GBR,7,10229534,7138848,2:26:51
14730601,322580,Gerda,STEYN,RSA,South Africa,1990-03-03,2019-11-03,"TCS New York City Marathon, New York, NY",USA,11,10229534,7135308,2:27:48
14730601,322580,Gerda,STEYN,RSA,South Africa,1990-03-03,2022-11-06,"TCS New York City Marathon, New York, NY",USA,12,10229534,7176621,2:30:22
14730601,322580,Gerda,STEYN,RSA,South Africa,1990-03-03,2018-11-04,"New York Marathon, New York, NY",USA,13,10229534,7123902,2:31:04
14730601,322580,Gerda,STEYN,RSA,South Africa,1990-03-03,2021-08-07,"The XXXII Olympic Games, Odori Park, Sapporo",JPN,15,10229534,7132391,2:32:10
14730601,322580,Gerda,STEYN,RSA,South Africa,1990-03-03,2017-11-19,"Valencia Marathon, Valencia",ESP,12,10229534,,2:37:22
14730601,322580,Gerda,STEYN,RSA,South Africa,1990-03-03,2016-10-30,"Dublin Marathon, Dublin",IRL,14,10229534,,2:51:31
14728060,314356,Yuka,SUZUKI,JPN,Japan,1999-09-14,2023-10-15,"Marathon Grand Championship - Paris 24 Selection Race, Tokyo",JPN,1,10229534,7202464,2:24:09
14728060,314356,Yuka,SUZUKI,JPN,Japan,1999-09-14,2022-03-13,"Nagoya Women's Marathon, Nagoya",JPN,5,10229534,7176615,2:25:02
14728060,314356,Yuka,SUZUKI,JPN,Japan,1999-09-14,2023-03-12,"Nagoya Women's Marathon, Nagoya",JPN,6,10229534,7191879,2:25:46
14752085,316927,Rahma,TAHIRI,MAR,Morocco,1998-08-09,2024-02-18,"Zurich Maratón de Sevilla, Sevilla",ESP,11,10229534,7207579,2:24:51
14752085,316927,Rahma,TAHIRI,MAR,Morocco,1998-08-09,2024-04-21,"Marathon International De Rabat, Rabat",MAR,1,10229534,7211050,2:25:30
14752085,316927,Rahma,TAHIRI,MAR,Morocco,1998-08-09,2022-03-27,"Run Rome The Marathon, Roma",ITA,5,10229534,7176761,2:32:37
14383678,259297,Gladys,TEJEDA,PER,Peru,1985-09-30,2022-02-20,"Zurich Maraton de Sevilla, Sevilla",ESP,9,10229534,7176628,2:25:57
14383678,259297,Gladys,TEJEDA,PER,Peru,1985-09-30,2022-12-04,"Maraton Valencia Trinidad Alfonso EDP, Valencia",ESP,20,10229534,7176623,2:26:26
14383678,259297,Gladys,TEJEDA,PER,Peru,1985-09-30,2020-02-23,"Zurich Maratón de Sevilla, Sevilla",ESP,6,10229534,7138797,2:27:07
14383678,259297,Gladys,TEJEDA,PER,Peru,1985-09-30,2015-04-12,"Rotterdam Marathon, Rotterdam",NED,2,10229534,,2:28:12
14383678,259297,Gladys,TEJEDA,PER,Peru,1985-09-30,2016-08-14,"The XXXI Olympic Games, Estádio Olímpico, Rio de Janeiro",BRA,15,10229534,7093747,2:29:55
14383678,259297,Gladys,TEJEDA,PER,Peru,1985-09-30,2023-10-22,"Pan American Games, Santiago de Chile",CHI,3,10229534,7144863,2:30:39
14383678,259297,Gladys,TEJEDA,PER,Peru,1985-09-30,2018-01-28,"Osaka International Ladies Marathon, Osaka",JPN,7,10229534,7115355,2:30:44
14383678,259297,Gladys,TEJEDA,PER,Peru,1985-09-30,2019-07-27,"Pan American Games, Lima",PER,1,10229534,7134069,2:30:55
14383678,259297,Gladys,TEJEDA,PER,Peru,1985-09-30,2023-05-21,"Cereales Angel Marathon Lima42K, Lima",PER,2,10229534,7199828,2:31:06
14383678,259297,Gladys,TEJEDA,PER,Peru,1985-09-30,2013-04-07,"Santiago de Chile Marathon, Santiago de Chile",CHI,1,10229534,,2:31:48
14786771,316819,Dolshi,TESFU,ERI,Eritrea,1999-06-17,2022-12-04,"Maraton Valencia Trinidad Alfonso EDP, Valencia",ESP,9,10229534,7176623,2:20:40
14786771,316819,Dolshi,TESFU,ERI,Eritrea,1999-06-17,2023-04-16,"NN Marathon Rotterdam, Rotterdam",NED,2,10229534,7192007,2:21:35
14786771,316819,Dolshi,TESFU,ERI,Eritrea,1999-06-17,2023-08-26,"World Athletics Championships, Budapest 2023, Hősök tere, Budapest",HUN,10,10229534,7138987,2:28:54
14283592,206673,Maor,TIYOURI,ISR,Israel,1990-08-13,2024-04-14,"NN Marathon Rotterdam, Rotterdam",NED,8,10229534,7207612,2:26:39
14283592,206673,Maor,TIYOURI,ISR,Israel,1990-08-13,2021-04-25,"Cheshire Elite Marathon, Pulford",GBR,2,10229534,,2:29:04
14283592,206673,Maor,TIYOURI,ISR,Israel,1990-08-13,2022-07-18,"World Athletics Championships, Oregon 2022, Autzen Complex, Eugene, OR",USA,23,10229534,7137279,2:31:54
14283592,206673,Maor,TIYOURI,ISR,Israel,1990-08-13,2021-08-07,"The XXXII Olympic Games, Odori Park, Sapporo",JPN,48,10229534,7132391,2:37:52
14283592,206673,Maor,TIYOURI,ISR,Israel,1990-08-13,2022-08-15,"European Athletics Championships, Odeonplatz, München",GER,28,10229534,7147634,2:38:04
14283592,206673,Maor,TIYOURI,ISR,Israel,1990-08-13,2016-05-29,"Ottawa Marathon, Ottawa",CAN,7,10229534,,2:42:22
14283592,206673,Maor,TIYOURI,ISR,Israel,1990-08-13,2016-08-14,"The XXXI Olympic Games, Estádio Olímpico, Rio de Janeiro",BRA,90,10229534,7093747,2:47:27
14283592,206673,Maor,TIYOURI,ISR,Israel,1990-08-13,2017-08-06,"IAAF World Championships in Athletics, Olympic Stadium, London",GBR,63,10229534,7093740,2:49:45
14839284,397098,Manon,TRAPP,FRA,France,2000-08-01,2023-12-03,"Maraton Valencia Trinidad Alfonso, Valencia",ESP,27,10229534,7191886,2:25:48
14408066,281428,Sardana,TROFIMOVA,KGZ,Kirghizistan,1988-03-28,2015-10-25,"Frankfurt Marathon, Frankfurt",GER,4,10229534,,2:24:38
14408066,281428,Sardana,TROFIMOVA,KGZ,Kirghizistan,1988-03-28,2020-12-06,"Russian Marathon Championships, Sochi",RUS,1,10229534,7158936,2:27:08
14408066,281428,Sardana,TROFIMOVA,KGZ,Kirghizistan,1988-03-28,2024-04-14,"ADAC Marathon Hannover, Hannover",GER,4,10229534,7207469,2:27:32
14408066,281428,Sardana,TROFIMOVA,KGZ,Kirghizistan,1988-03-28,2020-09-20,"Absolute Moscow Marathon, Moskva",RUS,1,10229534,7155190,2:28:02
14408066,281428,Sardana,TROFIMOVA,KGZ,Kirghizistan,1988-03-28,2014-10-26,"Toulouse Marathon, Toulouse",FRA,1,10229534,,2:28:18
14408066,281428,Sardana,TROFIMOVA,KGZ,Kirghizistan,1988-03-28,2021-04-03,"Russian Marathon Championships, Sochi",RUS,1,10229534,7163659,2:28:28
14408066,281428,Sardana,TROFIMOVA,KGZ,Kirghizistan,1988-03-28,2018-09-23,"Moskva Marathon, Moskva",RUS,1,10229534,,2:28:31
14408066,281428,Sardana,TROFIMOVA,KGZ,Kirghizistan,1988-03-28,2023-10-05,"19th Asian Games, Qiantang River Green Belt, Hangzhou",CHN,3,10229534,7147637,2:28:41
14408066,281428,Sardana,TROFIMOVA,KGZ,Kirghizistan,1988-03-28,2022-10-30,"Mainova Frankfurt Marathon, Frankfurt",GER,6,10229534,7176658,2:28:50
14408066,281428,Sardana,TROFIMOVA,KGZ,Kirghizistan,1988-03-28,2018-04-30,"Russian Marathon Championships, Volgograd",RUS,1,10229534,7121496,2:28:55
14841117,402154,Thalia,VALDIVIA,PER,Peru,1996-04-27,2024-04-14,"NN Marathon Rotterdam, Rotterdam",NED,6,10229534,7207612,2:25:23
14841117,402154,Thalia,VALDIVIA,PER,Peru,1996-04-27,2023-05-21,"Cereales Angel Marathon Lima42K, Lima",PER,4,10229534,7199828,2:32:34
14296979,187064,Irvette,VAN ZYL,RSA,South Africa,1987-07-05,2022-12-04,"Maraton Valencia Trinidad Alfonso EDP, Valencia",ESP,16,10229534,7176623,2:26:11
14296979,187064,Irvette,VAN ZYL,RSA,South Africa,1987-07-05,2023-12-03,"Maraton Valencia Trinidad Alfonso, Valencia",ESP,39,10229534,7191886,2:27:29
14296979,187064,Irvette,VAN ZYL,RSA,South Africa,1987-07-05,2021-04-11,"Xiamen Marathon & Tuscany Camp Global Elite Race, Siena",ITA,12,10229534,7163971,2:28:40
14296979,187064,Irvette,VAN ZYL,RSA,South Africa,1987-07-05,2013-04-21,"London Marathon, London",GBR,10,10229534,,2:31:26
14296979,187064,Irvette,VAN ZYL,RSA,South Africa,1987-07-05,2016-04-24,"London Marathon, London",GBR,15,10229534,,2:32:20
14296979,187064,Irvette,VAN ZYL,RSA,South Africa,1987-07-05,2012-04-22,"London Marathon, London",GBR,17,10229534,,2:33:41
14296979,187064,Irvette,VAN ZYL,RSA,South Africa,1987-07-05,2017-09-17,"Cape Town Marathon, Cape Town",RSA,8,10229534,,2:36:46
14296979,187064,Irvette,VAN ZYL,RSA,South Africa,1987-07-05,2023-08-26,"World Athletics Championships, Budapest 2023, Hősök tere, Budapest",HUN,45,10229534,7138987,2:38:32
14599545,379526,Hanne,VERBRUGGEN,BEL,Belgium,1993-05-27,2023-02-19,"Zurich Maraton de Sevilla, Sevilla",ESP,7,10229534,7191928,2:26:32
14599545,379526,Hanne,VERBRUGGEN,BEL,Belgium,1993-05-27,2020-12-06,"Maratón Valencia Trinidad Alfonso EDP, Valencia",ESP,20,10229534,7144910,2:29:14
14599545,379526,Hanne,VERBRUGGEN,BEL,Belgium,1993-05-27,2022-08-15,"European Athletics Championships, Odeonplatz, München",GER,8,10229534,7147634,2:29:44
14599545,379526,Hanne,VERBRUGGEN,BEL,Belgium,1993-05-27,2022-02-20,"Zurich Maraton de Sevilla, Sevilla",ESP,17,10229534,7176628,2:29:54
14599545,379526,Hanne,VERBRUGGEN,BEL,Belgium,1993-05-27,2019-12-01,"Maratón Valencia Trinidad Alfonso EDP, Valencia",ESP,24,10229534,7135312,2:35:00
14599545,379526,Hanne,VERBRUGGEN,BEL,Belgium,1993-05-27,2023-08-26,"World Athletics Championships, Budapest 2023, Hősök tere, Budapest",HUN,39,10229534,7138987,2:37:15
14599545,379526,Hanne,VERBRUGGEN,BEL,Belgium,1993-05-27,2021-08-07,"The XXXII Olympic Games, Odori Park, Sapporo",JPN,49,10229534,7132391,2:38:03
14599545,379526,Hanne,VERBRUGGEN,BEL,Belgium,1993-05-27,2019-04-28,"Metro Group Marathon, Düsseldorf",GER,6,10229534,7130129,2:39:03
14271094,194565,Lisa,WEIGHTMAN,AUS,Australia,1979-01-16,2023-02-26,"Osaka Marathon, Osaka",JPN,4,10229534,7191892,2:23:15
14271094,194565,Lisa,WEIGHTMAN,AUS,Australia,1979-01-16,2022-09-25,"BMW Berlin Marathon, Berlin",GER,15,10229534,7176618,2:24:00
14271094,194565,Lisa,WEIGHTMAN,AUS,Australia,1979-01-16,2023-12-03,"Maraton Valencia Trinidad Alfonso, Valencia",ESP,13,10229534,7191886,2:24:18
14271094,194565,Lisa,WEIGHTMAN,AUS,Australia,1979-01-16,2024-02-25,"Osaka Marathon, Osaka",JPN,3,10229534,7207742,2:24:43
14271094,194565,Lisa,WEIGHTMAN,AUS,Australia,1979-01-16,2017-04-23,"London Marathon, London",GBR,5,10229534,,2:25:15
14271094,194565,Lisa,WEIGHTMAN,AUS,Australia,1979-01-16,2022-07-03,"Village Roadshow Theme Parks Gold Coast Marathon, Gold Coast",AUS,2,10229534,7176780,2:25:55
14271094,194565,Lisa,WEIGHTMAN,AUS,Australia,1979-01-16,2020-01-26,"Osaka Women's Marathon, Osaka",JPN,5,10229534,7138765,2:26:02
14271094,194565,Lisa,WEIGHTMAN,AUS,Australia,1979-01-16,2013-10-13,"Melbourne Marathon, Melbourne",AUS,1,10229534,,2:26:05
14271094,194565,Lisa,WEIGHTMAN,AUS,Australia,1979-01-16,2012-08-05,"The XXX Olympic Games, Olympic Stadium, London",GBR,16,10229534,6999193,2:27:32
14271094,194565,Lisa,WEIGHTMAN,AUS,Australia,1979-01-16,2016-01-17,"Houston Marathon, Houston, TX",USA,2,10229534,,2:27:35
14857083,438049,Carolina,WIKSTRÖM,SWE,Sweden,1993-09-04,2024-02-18,"Zurich Maratón de Sevilla, Sevilla",ESP,8,10229534,7207579,2:24:30
14857083,438049,Carolina,WIKSTRÖM,SWE,Sweden,1993-09-04,2022-12-04,"Maraton Valencia Trinidad Alfonso EDP, Valencia",ESP,19,10229534,7176623,2:26:14
14857083,438049,Carolina,WIKSTRÖM,SWE,Sweden,1993-09-04,2020-12-06,"Maratón Valencia Trinidad Alfonso EDP, Valencia",ESP,11,10229534,7144910,2:26:42
14857083,438049,Carolina,WIKSTRÖM,SWE,Sweden,1993-09-04,2022-04-10,"NN Marathon Rotterdam, Rotterdam",NED,6,10229534,7176639,2:29:51
14857083,438049,Carolina,WIKSTRÖM,SWE,Sweden,1993-09-04,2021-10-09,"ASICS Stockholm Marathon, Stockholm",SWE,2,10229534,7160110,2:29:56
14857083,438049,Carolina,WIKSTRÖM,SWE,Sweden,1993-09-04,2022-07-18,"World Athletics Championships, Oregon 2022, Autzen Complex, Eugene, OR",USA,25,10229534,7137279,2:32:24
14857083,438049,Carolina,WIKSTRÖM,SWE,Sweden,1993-09-04,2021-08-07,"The XXXII Olympic Games, Odori Park, Sapporo",JPN,22,10229534,7132391,2:33:19
14857083,438049,Carolina,WIKSTRÖM,SWE,Sweden,1993-09-04,2019-10-27,"Mainova Frankfurt Marathon, Frankfurt",GER,15,10229534,,2:33:49
14857083,438049,Carolina,WIKSTRÖM,SWE,Sweden,1993-09-04,2020-09-05,"Swedish Marathon Championships, Stockholm",SWE,1,10229534,7154327,2:33:59
14857083,438049,Carolina,WIKSTRÖM,SWE,Sweden,1993-09-04,2023-06-03,"adidas Stockholm Marathon, Stockholm",SWE,4,10229534,7192019,2:36:57
14419455,240719,Mekdes,WOLDU,FRA,France,1992-10-20,2023-12-03,"Maraton Valencia Trinidad Alfonso, Valencia",ESP,17,10229534,7191886,2:24:44
14419455,240719,Mekdes,WOLDU,FRA,France,1992-10-20,2023-04-23,"37. Haspa Marathon Hamburg, Hamburg",GER,9,10229534,7197592,2:26:34
14714417,298761,Yuyu,XIA,CHN,Pr Of China,1998-03-01,2024-03-10,"Nagoya Women's Marathon, Nagoya",JPN,5,10229534,7207352,2:25:45
14714417,298761,Yuyu,XIA,CHN,Pr Of China,1998-03-01,2022-11-06,"Beike Beijing Marathon, Beijing",CHN,1,10229534,7176647,2:28:57
14714417,298761,Yuyu,XIA,CHN,Pr Of China,1998-03-01,2023-12-17,"Hangzhou Marathon, Hangzhou",CHN,1,10229534,7191907,2:30:44
14714417,298761,Yuyu,XIA,CHN,Pr Of China,1998-03-01,2019-11-03,"Hangzhou Marathon, Hangzhou",CHN,5,10229534,7136682,2:41:29
14535089,384132,Sofiia,YAREMCHUK,ITA,Italy,1994-06-03,2023-12-03,"Maraton Valencia Trinidad Alfonso, Valencia",ESP,9,10229534,7191886,2:23:16
14535089,384132,Sofiia,YAREMCHUK,ITA,Italy,1994-06-03,2023-04-23,"TCS London Marathon, London",GBR,9,10229534,7191880,2:24:02
14535089,384132,Sofiia,YAREMCHUK,ITA,Italy,1994-06-03,2022-10-30,"Mainova Frankfurt Marathon, Frankfurt",GER,4,10229534,7176658,2:25:36
14535089,384132,Sofiia,YAREMCHUK,ITA,Italy,1994-06-03,2021-10-24,"Venice Marathon, Venezia",ITA,1,10229534,7160184,2:29:12
14693572,297748,Deshun,ZHANG,CHN,Pr Of China,1996-02-21,2023-03-12,"Nagoya Women's Marathon, Nagoya",JPN,4,10229534,7191879,2:24:05
14693572,297748,Deshun,ZHANG,CHN,Pr Of China,1996-02-21,2024-01-07,"C&D XiaMen Marathon, Xiamen",CHN,3,10229534,7207328,2:26:53
14693572,297748,Deshun,ZHANG,CHN,Pr Of China,1996-02-21,2022-04-17,"""Exciting Hangzhou"" Marathon, Hangzhou",CHN,2,10229534,,2:27:01
14693572,297748,Deshun,ZHANG,CHN,Pr Of China,1996-02-21,2024-03-24,"Wuxi Marathon, Wuxi",CHN,5,10229534,7207353,2:27:12
14693572,297748,Deshun,ZHANG,CHN,Pr Of China,1996-02-21,2023-10-05,"19th Asian Games, Qiantang River Green Belt, Hangzhou",CHN,2,10229534,7147637,2:27:55
14693572,297748,Deshun,ZHANG,CHN,Pr Of China,1996-02-21,2022-07-18,"World Athletics Championships, Oregon 2022, Autzen Complex, Eugene, OR",USA,11,10229534,7137279,2:28:11
14693572,297748,Deshun,ZHANG,CHN,Pr Of China,1996-02-21,2022-11-27,"Shanghai International Marathon, Shanghai",CHN,1,10229534,7176622,2:28:17
14693572,297748,Deshun,ZHANG,CHN,Pr Of China,1996-02-21,2020-12-06,"Galaxy Entertainment Macao International Marathon, Macao",MAC,1,10229534,7158933,2:28:43
14693572,297748,Deshun,ZHANG,CHN,Pr Of China,1996-02-21,2021-12-05,"Macau Galaxy Entertainment International Marathon, Macao",MAC,1,10229534,,2:29:09
14693572,297748,Deshun,ZHANG,CHN,Pr Of China,1996-02-21,2021-04-11,"Chinese Marathon Championships, Xuzhou",CHN,1,10229534,7160084,2:29:11
